symbol,name,last_price,turnover_amount,pct_change,turnover_rate,amplitude
bj920000,安徽凤凰,16.49,9909087.0,1.539,,
bj920001,纬达光电,15.29,15264294.0,0.592,,
bj920002,万达轴承,96.6,142822289.0,1.759,,
bj920003,中诚咨询,32.1,15465734.0,0.156,,
bj920005,鼎佳精密,35.83,7022901.0,0.477,,
bj920006,晟楠科技,20.56,10199038.0,-0.146,,
bj920007,酉立智能,54.1,9869834.0,0.82,,
bj920008,成电光信,26.83,14463218.0,0.337,,
bj920009,丹娜生物,69.81,21297122.0,-2.213,,
bj920010,凯添燃气,13.49,72922284.0,-0.443,,
bj920011,晨光电机,28.17,101111443.0,1.331,,
bj920012,创达新材,73.8,294700737.0,5.398,,
bj920014,特瑞斯,12.44,13762093.0,1.8,,
bj920015,锦华新材,42.66,49662222.0,0.637,,
bj920016,中草香料,17.04,2861153.0,-0.234,,
bj920017,星昊医药,18.32,16395788.0,-0.272,,
bj920018,宏远股份,30.51,59528580.0,4.059,,
bj920019,铜冠矿建,18.59,19809783.0,-0.268,,
bj920020,泰凯英,16.48,7113415.0,0.611,,
bj920021,流金科技,10.67,143581198.0,1.042,,
bj920022,世昌股份,27.33,10044351.0,1.485,,
bj920023,*ST田野,2.35,13782333.0,0.858,,
bj920026,卓兆点胶,35.63,18844766.0,-1.165,,
bj920027,交大铁发,18.85,12875209.0,0.0,,
bj920028,新恒泰,23.0,328391874.0,8.593,,
bj920029,开发科技,69.66,22772005.0,0.288,,
bj920030,德众汽车,5.79,3365386.0,-0.172,,
bj920033,康普化学,17.46,11639657.0,-0.852,,
bj920035,精创电气,33.02,46422953.0,0.64,,
bj920036,觅睿科技,52.31,163701163.0,0.538,,
bj920037,广信科技,56.15,89603751.0,2.147,,
bj920039,国义招标,9.64,4745166.0,0.312,,
bj920045,蘅东光,599.6,399526469.0,0.574,,
bj920046,亿能电力,32.45,280694627.0,12.791,,
bj920047,诺思兰德,30.84,76869636.0,0.26,,
bj920050,爱舍伦,34.2,17892540.0,-0.581,,
bj920055,隆源股份,38.42,57733646.0,-1.613,,
bj920056,能之光,23.16,14040387.0,0.696,,
bj920057,百甲科技,6.25,2984868.0,-0.319,,
bj920058,华洋赛车,27.63,3555049.0,0.619,,
bj920060,万源通,33.65,100419630.0,0.658,,
bj920061,西磁科技,28.25,55379265.0,-4.237,,
bj920062,科润智控,10.94,43891790.0,3.208,,
bj920066,科拜尔,22.15,6163751.0,0.226,,
bj920068,天工股份,19.82,20016475.0,0.101,,
bj920069,普昂医疗,44.0,60448222.0,-2.222,,
bj920075,柏星龙,21.81,11880825.0,0.553,,
bj920076,国亮新材,22.65,21968143.0,1.297,,
bj920077,吉林碳谷,19.5,135402317.0,0.206,,
bj920078,族兴新材,33.44,151689628.0,-2.05,,
bj920080,奥美森,26.15,14667477.0,1.278,,
bj920082,方正阀门,15.28,6332925.0,0.0,,
bj920086,科马材料,33.53,134047590.0,5.573,,
bj920087,秋乐种业,14.04,41499196.0,0.79,,
bj920088,科力股份,44.43,67804443.0,-1.025,,
bj920089,禾昌聚合,17.75,16212889.0,-0.838,,
bj920090,*ST同辉,4.9,6381498.0,-0.204,,
bj920091,大鹏工业,55.9,72579801.0,3.423,,
bj920092,汉鑫科技,30.51,24000465.0,0.362,,
bj920098,科隆新材,25.34,9901301.0,0.317,,
bj920099,瑞华技术,29.54,9442521.0,-1.072,,
bj920100,三协电机,55.72,67244935.0,0.632,,
bj920101,志高机械,35.57,6470543.0,0.339,,
bj920106,林泰新材,55.84,14308990.0,0.0,,
bj920108,宏海科技,11.55,8306558.0,-0.943,,
bj920110,雷特科技,32.48,1359724.0,-0.733,,
bj920111,聚星科技,37.4,281174113.0,5.352,,
bj920112,巴兰仕,33.45,5308971.0,0.45,,
bj920116,星图测控,110.19,283913278.0,1.082,,
bj920118,太湖远大,22.58,17915285.0,3.673,,
bj920119,美德乐,99.98,75963657.0,0.13,,
bj920121,江天科技,38.8,18306413.0,0.701,,
bj920122,中纺标,26.86,7289562.0,0.449,,
bj920123,芭薇股份,13.33,3972048.0,-0.448,,
bj920124,南特科技,16.52,33518855.0,1.35,,
bj920125,鸿仕达,131.1,522034800.0,1.573,,
bj920128,胜业电气,24.94,8153365.0,1.094,,
bj920130,立方控股,19.9,8555054.0,0.505,,
bj920132,泰鹏智能,14.2,3518170.0,-0.56,,
bj920139,华岭股份,20.07,83535711.0,-0.149,,
bj920145,恒合股份,14.66,5569524.0,1.313,,
bj920146,华阳变速,6.98,5804151.0,0.287,,
bj920149,旭杰科技,10.35,4327728.0,-0.862,,
bj920152,昆工科技,18.34,47421530.0,-2.809,,
bj920156,海昌智能,69.5,271299841.0,-1.781,,
bj920158,长江能科,17.63,31358336.0,1.731,,
bj920159,农大科技,42.93,43524089.0,2.263,,
bj920160,北矿检测,24.84,23503856.0,0.73,,
bj920163,方大新材,12.88,4991375.0,0.94,,
bj920166,海圣医疗,28.97,30918509.0,-1.697,,
bj920167,同享科技,20.73,61706335.0,-0.145,,
bj920168,通宝光电,21.95,20671259.0,-0.046,,
bj920169,七丰精工,29.85,67535622.0,2.366,,
bj920171,志晟信息,23.08,79784654.0,-1.745,,
bj920174,五新隧装,42.17,69762301.0,4.381,,
bj920175,东方碳素,10.15,5609725.0,0.595,,
bj920177,恒道科技,37.79,74249193.0,-0.026,,
bj920179,凯德石英,54.62,178322555.0,1.373,,
bj920180,爱得科技,16.33,28433595.0,0.678,,
bj920181,赛英电子,111.99,210637173.0,-1.729,,
bj920183,海菲曼,46.87,107403788.0,2.605,,
bj920184,国源科技,16.25,17398935.0,-0.672,,
bj920185,贝特瑞,31.16,120652967.0,-0.032,,
bj920186,中科仪,113.47,1662149580.0,3.164,,
bj920187,通领科技,37.13,31664614.0,1.587,,
bj920188,悦龙科技,30.49,59553140.0,-1.167,,
bj920190,雷神科技,24.37,30821645.0,-1.535,,
bj920191,瑞尔竞达,13.87,82080861.0,1.02,,
bj920195,三祥科技,16.55,8499298.0,-0.181,,
bj920198,微创光电,9.0,11655899.0,1.351,,
bj920199,倍益康,34.0,15812801.0,-0.585,,
bj920200,振宏股份,80.41,685374446.0,14.43,,
bj920204,沪江材料,17.05,20417092.0,0.59,,
bj920207,众诚科技,30.39,43499446.0,-0.426,,
bj920208,青矩技术,23.71,8576600.0,0.0,,
bj920212,智新电子,12.56,6503761.0,-0.475,,
bj920221,易实精密,15.84,5835212.0,0.892,,
bj920223,荣亿精密,18.05,30578224.0,1.404,,
bj920225,利通科技,27.83,32865509.0,1.829,,
bj920227,美登科技,65.51,26326424.0,0.414,,
bj920230,欧康医药,12.67,53253859.0,0.237,,
bj920237,力佳科技,20.23,12393122.0,0.149,,
bj920239,长虹能源,30.51,28593127.0,-0.813,,
bj920242,建邦科技,26.1,7247083.0,0.307,,
bj920245,威博液压,25.98,5560997.0,-0.65,,
bj920247,华密新材,20.31,37974936.0,-0.343,,
bj920249,利尔达,11.37,118782783.0,-2.654,,
bj920252,天宏锂电,26.45,19942370.0,0.0,,
bj920260,中寰股份,9.89,3697575.0,-0.603,,
bj920261,一诺威,15.48,11854156.0,-0.769,,
bj920262,太湖雪,17.1,6685028.0,-0.117,,
bj920263,中航泰达,10.1,6445485.0,-0.198,,
bj920266,生物谷,8.21,4213581.0,-0.122,,
bj920267,鑫汇科,19.1,4302152.0,0.0,,
bj920270,天铭科技,18.56,72528624.0,-1.119,,
bj920271,XD邦德股,12.82,1960933.0,0.47,,
bj920273,一致魔芋,21.94,9520730.0,0.596,,
bj920274,宏裕包材,26.55,184743576.0,16.447,,
bj920275,驱动力,7.26,6578602.0,-0.548,,
bj920278,鹿得医疗,8.12,4430260.0,-0.368,,
bj920284,灵鸽科技,39.78,195815640.0,2.315,,
bj920299,灿能电力,25.16,101527402.0,5.848,,
bj920300,辰光医疗,11.79,8733252.0,0.942,,
bj920304,迪尔化工,11.64,5749195.0,0.345,,
bj920305,*ST云创,0.0,0.0,0.0,,
bj920339,恒太照明,8.53,5917600.0,0.235,,
bj920344,三元基因,22.31,36165483.0,-4.167,,
bj920346,威贸电子,21.44,9919059.0,1.371,,
bj920351,华光源海,17.32,21048791.0,-0.46,,
bj920357,雅葆轩,26.95,31343710.0,-1.642,,
bj920363,莱赛激光,17.16,14597462.0,0.941,,
bj920367,新赣江,19.41,13075770.0,-1.02,,
bj920368,连城数控,40.91,537735204.0,4.15,,
bj920370,新安洁,3.48,3345724.0,-0.571,,
bj920371,欧福蛋业,9.22,8044592.0,0.217,,
bj920374,云里物里,20.53,10081860.0,0.391,,
bj920375,派诺科技,14.26,54060130.0,3.259,,
bj920378,泰德股份,8.83,2519351.0,0.569,,
bj920392,佳合科技,20.21,7848843.0,1.609,,
bj920394,民士达,50.69,37139010.0,0.138,,
bj920395,朗鸿科技,9.97,2430407.0,0.302,,
bj920396,常辅股份,30.2,26051503.0,0.902,,
bj920402,硅烷科技,9.86,53823052.0,3.571,,
bj920403,康农种业,23.21,32750254.0,0.913,,
bj920405,海希通讯,17.22,26097291.0,-4.333,,
bj920407,驰诚股份,18.3,7368795.0,0.329,,
bj920414,欧普泰,12.11,17041122.0,1.254,,
bj920415,恒拓开源,12.79,10453659.0,0.078,,
bj920418,苏轴股份,26.11,40376190.0,0.384,,
bj920419,路斯股份,13.2,3875992.0,-0.151,,
bj920422,润普食品,11.37,7343605.0,-1.044,,
bj920425,乐创技术,27.43,77266258.0,-0.109,,
bj920427,华维设计,12.89,16655748.0,-2.348,,
bj920429,康比特,12.3,3846111.0,-0.081,,
bj920433,大唐药业,5.52,17369780.0,1.471,,
bj920436,大地电气,15.12,6672160.0,0.066,,
bj920438,戈碧迦,66.26,763200072.0,-5.18,,
bj920445,龙竹科技,9.72,11842322.0,-0.103,,
bj920454,同心传动,15.15,9434484.0,1.338,,
bj920455,汇隆活塞,8.04,3284589.0,0.626,,
bj920469,富恒新材,6.58,14260046.0,-1.053,,
bj920471,美邦科技,14.12,26747686.0,-2.755,,
bj920475,三友科技,14.54,7000300.0,-0.411,,
bj920476,海能技术,19.37,11940950.0,-0.616,,
bj920478,峆一药业,16.18,7855022.0,0.0,,
bj920489,佳先股份,15.15,24767761.0,-0.46,,
bj920491,奥迪威,26.17,24116455.0,-0.721,,
bj920493,并行科技,160.87,178661436.0,-1.264,,
bj920496,许昌智能,9.21,13270251.0,1.32,,
bj920504,博迅生物,22.05,2037479.0,0.593,,
bj920505,九菱科技,41.74,53010247.0,-2.998,,
bj920508,殷图网联,19.95,4801284.0,1.115,,
bj920509,同惠电子,34.29,98064869.0,2.973,,
bj920510,丰光精密,17.09,34835028.0,0.648,,
bj920519,万德股份,12.33,2690262.0,0.325,,
bj920522,纳科诺尔,56.03,112420388.0,-1.546,,
bj920523,德瑞锂电,23.58,13495133.0,0.042,,
bj920526,凯华材料,25.74,71177374.0,-3.342,,
bj920527,夜光明,18.51,8710182.0,1.759,,
bj920533,骏创科技,26.43,121806781.0,4.055,,
bj920541,铁大科技,12.48,9258521.0,0.645,,
bj920547,无锡晶海,23.01,4686829.0,-0.26,,
bj920553,凯腾精工,8.95,3645882.0,-0.112,,
bj920556,雅达股份,9.48,10037437.0,0.53,,
bj920564,天润科技,25.85,24241758.0,-0.309,,
bj920566,梓橦宫,11.05,10254722.0,-1.339,,
bj920570,坤博精工,31.51,19003947.0,0.478,,
bj920571,国航远洋,11.51,142350219.0,-0.861,,
bj920575,*ST康乐,4.17,25172069.0,-4.577,,
bj920576,天力复合,76.35,152062294.0,-1.965,,
bj920578,巨能股份,19.91,17600723.0,0.606,,
bj920579,机科股份,18.73,9985221.0,0.053,,
bj920580,科创新材,13.96,10285553.0,0.504,,
bj920592,华信永道,34.64,65404071.0,2.85,,
bj920593,鼎智科技,29.92,76558305.0,0.571,,
bj920599,同力股份,19.19,31019641.0,0.104,,
bj920608,丰安股份,16.78,3266438.0,0.239,,
bj920627,力王股份,20.97,17824165.0,0.143,,
bj920634,新威凌,21.28,12732475.0,-0.047,,
bj920639,晨光电缆,8.27,31820571.0,3.894,,
bj920640,富士达,38.57,139344602.0,-0.49,,
bj920641,格利尔,17.9,14086166.0,-0.056,,
bj920642,通易航天,12.66,15860829.0,-0.784,,
bj920651,天罡股份,27.68,10367246.0,-0.61,,
bj920656,海昇药业,16.3,6210018.0,-0.972,,
bj920662,方盛股份,24.58,12130086.0,-0.486,,
bj920663,明阳科技,16.74,14784446.0,0.24,,
bj920665,科强股份,11.49,8175397.0,-0.519,,
bj920670,数字人,15.21,17831178.0,-0.653,,
bj920675,秉扬科技,9.76,9770839.0,0.103,,
bj920679,前进科技,18.68,2960229.0,-0.585,,
bj920682,球冠电缆,9.53,93650574.0,6.719,,
bj920685,新芝生物,12.93,3684331.0,0.233,,
bj920689,克莱特,28.62,7845106.0,0.175,,
bj920690,捷众科技,27.56,14840513.0,-0.434,,
bj920693,阿为特,32.31,24689275.0,0.0,,
bj920694,中裕科技,17.99,4596682.0,-0.498,,
bj920699,海达尔,58.19,123620820.0,2.809,,
bj920701,豪声电子,15.41,4145534.0,-0.709,,
bj920703,广厦环能,12.03,5656420.0,0.25,,
bj920706,铁拓机械,23.73,19440277.0,-0.794,,
bj920717,瑞星股份,9.3,6025419.0,0.541,,
bj920718,合肥高科,13.03,2540065.0,-0.23,,
bj920719,宁新新材,11.55,35356008.0,3.125,,
bj920720,吉冈精密,12.57,10465674.0,0.159,,
bj920725,惠丰钻石,32.55,57184953.0,-0.611,,
bj920726,朱老六,18.63,16202835.0,-0.268,,
bj920729,永顺生物,8.02,3996020.0,-1.232,,
bj920735,德源药业,28.55,20100339.0,-0.834,,
bj920748,路桥信息,34.98,14503863.0,0.431,,
bj920751,惠同新材,25.79,14235872.0,-0.425,,
bj920753,天纺标,19.29,5933042.0,0.942,,
bj920765,美之高,15.73,18102320.0,0.64,,
bj920768,拾比佰,12.81,8667472.0,0.235,,
bj920770,艾能聚,15.88,41430159.0,2.386,,
bj920779,武汉蓝电,33.21,19457853.0,0.636,,
bj920781,瑞奇智造,7.44,5955869.0,-0.402,,
bj920786,骑士乳业,8.34,16785312.0,-0.477,,
bj920790,联迪信息,25.64,14239481.0,-0.427,,
bj920792,东和新材,11.62,5796086.0,0.086,,
bj920799,艾融软件,37.48,57420753.0,-0.053,,
bj920802,保丽洁,14.58,3433537.0,0.0,,
bj920806,云星宇,12.05,11166693.0,0.166,,
bj920807,奔朗新材,12.09,31183461.0,-1.707,,
bj920808,曙光数创,84.81,163258701.0,-0.188,,
bj920809,安达科技,9.24,207542220.0,3.82,,
bj920810,春光智能,11.46,2982490.0,0.0,,
bj920819,颖泰生物,3.45,7164607.0,0.291,,
bj920821,则成电子,24.88,45513245.0,0.892,,
bj920826,盖世食品,10.38,7459136.0,-0.765,,
bj920832,齐鲁华信,6.8,2492838.0,-0.875,,
bj920833,美心翼申,15.83,8370882.0,-1.001,,
bj920834,三维装备,12.22,6394865.0,0.992,,
bj920837,XD华原股,13.52,5966174.0,0.371,,
bj920839,万通液压,33.03,14741209.0,0.061,,
bj920855,浙江大农,15.75,2085540.0,-0.19,,
bj920856,浩淼科技,12.28,4829382.0,-1.207,,
bj920857,泓禧科技,19.25,6103334.0,-1.13,,
bj920866,绿亨科技,7.66,4584562.0,0.131,,
bj920870,恒进感应,15.4,11709113.0,0.0,,
bj920871,派特尔,13.28,5347767.0,0.302,,
bj920873,中设咨询,9.73,33277482.0,1.038,,
bj920876,慧为智能,23.34,10335459.0,-0.171,,
bj920879,基康技术,17.79,12500593.0,-0.056,,
bj920885,星辰科技,19.1,24514624.0,-0.105,,
bj920892,广咨国际,15.01,7687442.0,-0.859,,
bj920895,花溪科技,16.66,4069163.0,0.361,,
bj920896,旺成科技,17.75,9119045.0,-0.504,,
bj920906,舜宇精工,24.26,10046019.0,-0.329,,
bj920914,远航精密,25.7,28045424.0,-0.31,,
bj920924,广脉科技,20.62,18605972.0,-1.056,,
bj920925,锦好医疗,15.43,6496763.0,0.39,,
bj920926,鸿智科技,14.6,2268835.0,-0.341,,
bj920931,无锡鼎邦,12.12,1898448.0,0.498,,
bj920932,科达自控,15.58,14067876.0,0.516,,
bj920942,恒立钻具,25.75,14413852.0,1.06,,
bj920943,优机股份,17.78,11436972.0,-1.057,,
bj920946,森萱医药,10.59,20845522.0,-1.58,,
bj920950,迅安科技,16.21,2231858.0,0.124,,
bj920953,国子软件,31.85,31653832.0,0.315,,
bj920957,汉维科技,11.88,3451056.0,-1.165,,
bj920961,创远信科,20.61,32721545.0,-0.579,,
bj920964,润农节水,6.1,5271098.0,0.494,,
bj920970,大禹生物,7.18,8607396.0,-1.509,,
bj920971,天马新材,32.15,140500771.0,1.869,,
bj920974,凯大催化,8.0,9921891.0,0.251,,
bj920976,视声智能,30.67,10209390.0,0.0,,
bj920978,开特股份,26.87,35683299.0,-0.445,,
bj920981,晶赛科技,43.26,197488720.0,5.077,,
bj920982,锦波生物,176.56,49879442.0,-0.709,,
bj920985,海泰新能,6.75,12130255.0,1.048,,
bj920992,中科美菱,15.75,19988192.0,-1.563,,
sh600000,浦发银行,9.03,366226677.0,-0.66,,
sh600004,白云机场,8.6,40797010.0,0.233,,
sh600006,东风股份,6.77,41908998.0,-1.312,,
sh600007,中国国贸,22.15,26281000.0,-0.673,,
sh600008,首创环保,3.14,172373523.0,0.965,,
sh600009,上海机场,27.06,104135784.0,-0.624,,
sh600010,包钢股份,2.79,1602780892.0,-3.125,,
sh600011,华能国际,7.64,874255015.0,2.139,,
sh600012,皖通高速,16.1,32047491.0,1.004,,
sh600015,华夏银行,6.6,250668021.0,-0.602,,
sh600016,民生银行,3.68,196886283.0,-0.271,,
sh600017,日照港,2.97,48713283.0,0.0,,
sh600018,上港集团,5.14,117957411.0,0.587,,
sh600019,宝钢股份,6.48,271476413.0,-0.308,,
sh600020,中原高速,3.97,35638810.0,0.761,,
sh600021,上海电力,18.13,583639950.0,0.277,,
sh600022,山东钢铁,1.45,24555033.0,0.0,,
sh600023,浙能电力,6.03,193836524.0,1.858,,
sh600025,华能水电,9.69,180471407.0,0.832,,
sh600026,中远海能,22.2,555665407.0,-0.804,,
sh600027,华电国际,5.36,545178797.0,2.486,,
sh600028,中国石化,5.2,658063165.0,-0.192,,
sh600029,南方航空,5.63,259627635.0,-0.354,,
sh600030,中信证券,27.3,1660027890.0,-0.11,,
sh600031,三一重工,21.36,1046490172.0,-2.198,,
sh600032,浙江新能,10.92,612672713.0,2.152,,
sh600033,福建高速,3.68,38133339.0,0.546,,
sh600035,楚天高速,3.87,10510635.0,-0.514,,
sh600036,招商银行,37.96,1695928076.0,-0.026,,
sh600037,歌华有线,8.12,68674608.0,-1.096,,
sh600038,中直股份,31.14,107319214.0,-1.331,,
sh600039,四川路桥,8.0,283853401.0,0.0,,
sh600048,保利发展,6.67,728692026.0,0.452,,
sh600050,中国联通,4.72,694292448.0,0.0,,
sh600051,宁波联合,7.83,24256152.0,-1.136,,
sh600052,东望时代,4.53,71225037.0,-1.092,,
sh600053,*ST九鼎,9.83,110278642.0,0.306,,
sh600054,黄山旅游,11.36,34208685.0,-0.351,,
sh600055,万东医疗,13.72,52029325.0,-1.719,,
sh600056,中国医药,10.59,181192753.0,0.761,,
sh600057,厦门象屿,6.78,96309396.0,-2.023,,
sh600058,五矿发展,11.61,95126630.0,-1.359,,
sh600059,古越龙山,8.66,35347323.0,-1.029,,
sh600060,海信视像,25.22,89187671.0,-0.316,,
sh600061,国投资本,6.82,194970189.0,1.037,,
sh600062,华润双鹤,17.93,51715273.0,-0.499,,
sh600063,皖维高新,6.63,136280766.0,-1.923,,
sh600064,南京高科,8.28,67748405.0,-0.361,,
sh600066,宇通客车,35.07,194093240.0,-1.655,,
sh600067,冠城新材,3.42,47900451.0,-0.87,,
sh600071,凤凰光学,20.11,32907484.0,-1.47,,
sh600072,中船科技,13.39,177594726.0,-1.616,,
sh600073,光明肉业,5.76,41226829.0,-2.041,,
sh600075,新疆天业,6.22,51875406.0,0.0,,
sh600076,康欣新材,4.36,253164687.0,10.101,,
sh600078,澄星股份,15.32,969152368.0,-5.607,,
sh600079,ST人福,18.45,111468464.0,-0.432,,
sh600080,ST金花,5.95,105630317.0,-4.187,,
sh600081,东风科技,11.7,48277289.0,-1.266,,
sh600082,ST海泰,3.92,47153447.0,4.533,,
sh600084,*ST尼雅,5.0,52090136.0,5.042,,
sh600085,同仁堂,28.02,198084903.0,0.322,,
sh600088,中视传媒,16.96,185704915.0,0.414,,
sh600089,特变电工,29.0,6217356214.0,3.645,,
sh600094,大名城,4.72,52828857.0,-1.871,,
sh600095,湘财股份,9.15,94292241.0,-0.218,,
sh600096,云天化,34.49,705261656.0,-1.542,,
sh600097,开创国际,10.28,18642635.0,-0.676,,
sh600098,广州发展,7.31,254848238.0,2.238,,
sh600099,林海股份,11.62,23847816.0,-1.525,,
sh600100,同方股份,9.09,294325151.0,-0.547,,
sh600101,明星电力,10.47,254248762.0,2.849,,
sh600103,青山纸业,4.91,740602935.0,1.029,,
sh600104,上汽集团,13.47,216247982.0,-0.664,,
sh600105,永鼎股份,54.4,5524573310.0,5.837,,
sh600106,重庆路桥,5.96,50239364.0,-1.65,,
sh600107,*ST尔雅,6.69,30990267.0,0.0,,
sh600108,亚盛集团,4.25,155360167.0,-3.189,,
sh600109,国金证券,9.28,143981185.0,0.324,,
sh600110,诺德股份,10.83,774152206.0,-1.096,,
sh600111,北方稀土,55.17,7366688468.0,-4.633,,
sh600113,浙江东日,44.41,136889873.0,-3.372,,
sh600114,东睦股份,34.82,310321992.0,0.057,,
sh600115,中国东航,4.49,411620438.0,-0.664,,
sh600116,三峡水利,6.88,112270308.0,1.475,,
sh600117,西宁特钢,2.6,22021889.0,-1.515,,
sh600118,中国卫星,112.21,3684999824.0,-3.359,,
sh600119,*ST长投,6.42,15678865.0,-0.619,,
sh600120,浙江东方,5.67,156547565.0,-1.903,,
sh600121,郑州煤电,4.2,60803111.0,-0.709,,
sh600123,兰花科创,6.77,61543943.0,-0.441,,
sh600125,铁龙物流,6.06,31084240.0,-0.165,,
sh600126,杭钢股份,9.08,589450828.0,-2.991,,
sh600127,金健米业,6.7,57610590.0,-1.034,,
sh600128,苏豪弘业,10.39,24276665.0,-1.423,,
sh600129,太极集团,15.63,54647310.0,-1.636,,
sh600130,波导股份,6.2,734801158.0,-4.321,,
sh600131,国网信通,18.13,116216903.0,0.11,,
sh600132,重庆啤酒,53.38,95509307.0,-0.725,,
sh600133,东湖高新,9.4,329137491.0,1.842,,
sh600135,乐凯胶片,11.83,222048999.0,-2.794,,
sh600136,ST明诚,1.75,14415462.0,0.0,,
sh600137,浪莎股份,23.39,36045582.0,0.343,,
sh600138,中青旅,8.83,54386994.0,-0.787,,
sh600141,兴发集团,33.99,891233735.0,2.287,,
sh600143,金发科技,17.58,488617174.0,-0.958,,
sh600148,长春一东,19.37,17275385.0,-1.173,,
sh600149,廊坊发展,6.5,74780919.0,1.563,,
sh600150,中国船舶,40.69,2027620456.0,-1.19,,
sh600151,航天机电,14.9,445897004.0,-1.974,,
sh600152,维科技术,14.3,835549009.0,-2.389,,
sh600153,建发股份,10.51,288048826.0,2.938,,
sh600155,华创云信,6.42,83921160.0,0.156,,
sh600156,华升股份,11.82,268555386.0,-2.233,,
sh600157,永泰能源,1.82,859539702.0,0.0,,
sh600158,中体产业,13.99,942011643.0,3.86,,
sh600159,大龙地产,3.42,57441864.0,1.484,,
sh600160,巨化股份,35.26,546569187.0,-1.398,,
sh600161,天坛生物,14.37,67206516.0,-1.44,,
sh600162,香江控股,1.94,43745941.0,0.0,,
sh600163,中闽能源,6.79,310051516.0,2.413,,
sh600165,ST宁科,2.97,22379650.0,-4.194,,
sh600166,福田汽车,3.64,240693210.0,0.0,,
sh600167,联美控股,7.02,37547059.0,1.007,,
sh600168,武汉控股,5.06,11791300.0,-0.197,,
sh600169,ST太重,2.38,14480128.0,-0.418,,
sh600170,上海建工,2.7,237873809.0,-1.099,,
sh600171,上海贝岭,30.0,243195444.0,-0.957,,
sh600172,黄河旋风,10.04,2321320857.0,2.658,,
sh600173,卧龙新能,7.51,36944678.0,-0.53,,
sh600176,中国巨石,36.77,2478218342.0,-3.262,,
sh600177,雅戈尔,7.81,58192265.0,0.257,,
sh600178,东安动力,10.26,16840518.0,-1.346,,
sh600179,安通控股,4.23,56783221.0,-1.168,,
sh600180,*ST瑞茂,2.25,2224800.0,-5.063,,
sh600182,S佳通,14.16,12766237.0,-0.632,,
sh600183,生益科技,84.09,1783766970.0,0.514,,
sh600184,光电股份,28.7,1578032962.0,5.205,,
sh600185,珠免集团,5.92,58927162.0,-0.671,,
sh600186,莲花控股,9.89,1182790059.0,-3.981,,
sh600187,*ST国中,1.6,126677885.0,5.263,,
sh600188,兖矿能源,21.12,375342829.0,-1.355,,
sh600189,泉阳泉,8.51,34618892.0,-1.161,,
sh600191,华资实业,11.93,29176300.0,-1.323,,
sh600192,长城电工,9.18,158182037.0,6.744,,
sh600193,*ST创兴,2.17,0.0,0.0,,
sh600195,中牧股份,7.39,29011539.0,-1.203,,
sh600196,复星医药,25.1,287826175.0,-1.142,,
sh600197,伊力特,12.16,17166422.0,-0.735,,
sh600198,大唐电信,10.51,1618911095.0,8.128,,
sh600199,金种子酒,7.94,30095130.0,-1.366,,
sh600201,生物股份,15.54,257488143.0,1.502,,
sh600202,哈空调,6.44,30421006.0,0.156,,
sh600203,福日电子,12.99,162541721.0,-1.665,,
sh600206,有研新材,31.73,1685470265.0,-3.468,,
sh600207,安彩高科,6.5,194803047.0,2.041,,
sh600208,衢州发展,5.24,1424826164.0,2.745,,
sh600210,紫江企业,6.88,58787477.0,-0.434,,
sh600211,西藏药业,43.2,218309937.0,1.839,,
sh600212,绿能慧充,7.21,37886668.0,-2.038,,
sh600215,派斯林,6.88,24162082.0,-0.865,,
sh600216,浙江医药,14.41,109346451.0,-0.552,,
sh600217,中再资环,3.67,17154744.0,-1.078,,
sh600218,全柴动力,9.73,21978029.0,-0.714,,
sh600219,南山铝业,5.56,567471109.0,0.542,,
sh600221,海航控股,1.57,368355804.0,-0.633,,
sh600222,太龙药业,7.55,159764609.0,-2.455,,
sh600223,福瑞达,6.73,24697891.0,-0.444,,
sh600226,亨通股份,5.53,246155427.0,-1.073,,
sh600227,赤天化,3.74,363220567.0,-4.592,,
sh600228,*ST返利,6.89,28665488.0,1.175,,
sh600229,城市传媒,6.16,11341359.0,-1.282,,
sh600230,沧州大化,17.35,116957936.0,0.0,,
sh600231,凌钢股份,2.11,22336527.0,-1.402,,
sh600232,金鹰股份,8.85,48564066.0,-2.21,,
sh600233,圆通速递,21.0,179212416.0,0.527,,
sh600234,科新发展,29.37,363710881.0,-6.673,,
sh600235,民丰特纸,6.9,17787206.0,-1.709,,
sh600236,桂冠电力,12.42,671789030.0,6.793,,
sh600237,铜峰电子,9.43,100880619.0,-1.153,,
sh600238,*ST椰岛,5.14,22283372.0,1.381,,
sh600239,ST云城,1.71,55584257.0,2.395,,
sh600241,时代万恒,9.34,41597906.0,-2.607,,
sh600243,*ST海华,4.46,33661632.0,1.134,,
sh600246,万通发展,13.16,964768678.0,2.095,,
sh600248,陕建股份,3.43,37788007.0,-0.58,,
sh600249,两面针,6.04,70401664.0,-2.423,,
sh600250,南京商旅,10.27,42018357.0,-0.964,,
sh600251,冠农股份,12.23,65421904.0,-0.972,,
sh600252,中恒集团,2.38,52813269.0,-0.833,,
sh600255,鑫科材料,3.71,77715238.0,-0.269,,
sh600256,广汇能源,6.15,372857487.0,-2.07,,
sh600257,大湖股份,6.13,51865218.0,-2.698,,
sh600258,首旅酒店,14.27,87728806.0,-0.972,,
sh600259,中稀有色,105.65,1405662230.0,-3.038,,
sh600261,阳光照明,3.63,55105218.0,-2.156,,
sh600262,北方股份,24.48,92840793.0,-3.088,,
sh600265,*ST景谷,21.9,18987344.0,-2.882,,
sh600266,城建发展,5.38,124580586.0,0.186,,
sh600267,海正药业,11.59,135331764.0,-1.863,,
sh600268,国电南自,16.32,462200492.0,2.9,,
sh600269,赣粤高速,4.52,54537170.0,0.668,,
sh600271,航天信息,8.63,84179592.0,-1.708,,
sh600272,开开实业,12.7,14993871.0,-0.936,,
sh600273,嘉化能源,8.11,96890585.0,0.62,,
sh600276,恒瑞医药,53.78,2578551093.0,0.486,,
sh600278,东方创业,7.23,25451647.0,-1.23,,
sh600279,重庆港,5.06,67743670.0,1.811,,
sh600280,中央商场,3.11,18992939.0,-1.27,,
sh600281,华阳新材,5.59,15992107.0,-1.237,,
sh600282,南钢股份,5.33,145668487.0,1.718,,
sh600283,钱江水利,9.15,20171935.0,-0.867,,
sh600284,浦东建设,7.72,120961220.0,-0.899,,
sh600285,羚锐制药,21.6,94869054.0,-1.054,,
sh600287,苏豪时尚,5.86,16516191.0,-0.17,,
sh600288,大恒科技,15.22,170063639.0,-2.685,,
sh600289,ST信通,5.81,35637907.0,-5.065,,
sh600292,电投水电,16.18,194303420.0,1.569,,
sh600293,三峡新材,3.29,75423104.0,2.174,,
sh600295,鄂尔多斯,15.35,55768451.0,0.392,,
sh600298,安琪酵母,37.5,121883411.0,-0.767,,
sh600299,安迪苏,12.7,172194924.0,2.172,,
sh600300,维维股份,3.58,49443890.0,-0.556,,
sh600301,华锡有色,62.42,466174132.0,-0.747,,
sh600302,ST标准,8.45,82323171.0,4.969,,
sh600303,曙光股份,3.3,24586760.0,-0.901,,
sh600305,恒顺醋业,7.49,16335371.0,-0.133,,
sh600307,酒钢宏兴,1.78,74041596.0,-0.559,,
sh600308,华泰股份,3.94,37467366.0,0.254,,
sh600309,万华化学,83.59,1291797107.0,0.096,,
sh600310,广西能源,5.53,470825196.0,3.364,,
sh600312,平高电气,22.77,489801480.0,1.879,,
sh600313,农发种业,7.32,207289350.0,-0.408,,
sh600315,上海家化,19.9,59174938.0,-0.946,,
sh600316,洪都航空,34.1,423950089.0,-4.187,,
sh600318,新力金融,7.89,43226698.0,-1.128,,
sh600319,亚星化学,8.26,31563235.0,-2.594,,
sh600320,振华重工,5.29,136495561.0,-1.49,,
sh600322,津投城开,2.76,50434301.0,0.73,,
sh600323,瀚蓝环境,30.87,74380384.0,1.646,,
sh600325,华发股份,3.69,128710017.0,-0.539,,
sh600326,西藏天路,9.67,99611998.0,-0.206,,
sh600327,大东方,3.94,16372115.0,-1.005,,
sh600328,中盐化工,8.2,199857706.0,1.611,,
sh600329,达仁堂,42.89,87667263.0,0.117,,
sh600330,天通股份,31.59,4534320701.0,-1.527,,
sh600331,宏达股份,17.39,657005700.0,-1.807,,
sh600332,白云山,22.92,90979102.0,0.175,,
sh600333,长春燃气,5.66,21788536.0,-0.352,,
sh600335,国机汽车,6.06,25758129.0,-0.165,,
sh600336,澳柯玛,8.03,54053451.0,-1.351,,
sh600337,ST美克,3.02,7807999.0,4.861,,
sh600338,西藏珠峰,23.55,1021190992.0,-2.444,,
sh600339,中油工程,3.9,121759458.0,-0.763,,
sh600340,*ST华幸,1.1,102755966.0,-0.901,,
sh600343,航天动力,38.9,1741620928.0,1.859,,
sh600345,长江通信,60.09,1249191619.0,3.657,,
sh600346,恒力石化,22.54,288117027.0,-0.044,,
sh600348,华阳股份,9.88,224640180.0,-1.397,,
sh600350,山东高速,11.28,29422345.0,0.714,,
sh600351,亚宝药业,6.84,50602425.0,-1.724,,
sh600352,浙江龙盛,12.49,251915810.0,-0.478,,
sh600353,旭光电子,19.35,960813755.0,3.476,,
sh600354,敦煌种业,6.21,58284202.0,-1.896,,
sh600356,恒丰纸业,9.9,22343473.0,-1.394,,
sh600358,国旅联合,6.63,61939717.0,2.315,,
sh600359,新农开发,7.56,31546596.0,-1.434,,
sh600360,*ST华微,11.12,214187590.0,-3.388,,
sh600361,创新新材,4.4,133932482.0,-1.124,,
sh600362,江西铜业,49.19,2491007138.0,1.906,,
sh600363,联创光电,46.28,323800744.0,-2.589,,
sh600365,ST通葡,3.0,7256215.0,0.0,,
sh600366,宁波韵升,13.53,277841311.0,-2.732,,
sh600367,红星发展,23.22,452566370.0,-3.371,,
sh600368,五洲交通,3.99,40782328.0,-0.746,,
sh600369,西南证券,4.32,102151366.0,0.935,,
sh600370,*ST三房,1.97,1363043.0,-4.831,,
sh600371,万向德农,8.57,23798656.0,-1.945,,
sh600372,中航机载,13.42,345995561.0,-2.115,,
sh600373,中文传媒,8.45,45395388.0,-0.938,,
sh600375,汉马科技,5.17,56780739.0,-1.336,,
sh600376,首开股份,4.79,177830751.0,0.842,,
sh600377,宁沪高速,12.44,99690664.0,1.717,,
sh600378,昊华科技,33.25,384845434.0,-4.755,,
sh600379,宝光股份,17.83,938343787.0,-3.256,,
sh600380,健康元,10.98,84079221.0,-1.259,,
sh600381,*ST春天,4.59,3573774.0,5.034,,
sh600382,广东明珠,8.51,143590206.0,2.407,,
sh600383,金地集团,3.16,196419343.0,0.0,,
sh600386,北巴传媒,4.04,15343464.0,-1.463,,
sh600388,龙净环保,19.58,202844945.0,2.352,,
sh600389,江山股份,28.42,87274122.0,-0.42,,
sh600390,五矿资本,5.33,74733088.0,-0.374,,
sh600391,航发科技,42.74,460907179.0,-2.952,,
sh600392,盛和资源,26.32,1543112810.0,-4.603,,
sh600395,盘江股份,5.47,59349020.0,0.183,,
sh600396,华电辽能,14.69,3150262220.0,7.383,,
sh600397,江钨装备,14.79,259136082.0,-2.633,,
sh600398,海澜之家,6.09,77381379.0,-0.976,,
sh600399,抚顺特钢,5.55,131064892.0,-2.289,,
sh600400,红豆股份,2.74,127697685.0,-4.53,,
sh600403,大有能源,5.69,48382977.0,-0.35,,
sh600405,动力源,5.11,40717122.0,-2.481,,
sh600406,国电南瑞,27.19,2560750922.0,1.266,,
sh600408,安泰集团,3.26,46190939.0,-1.212,,
sh600409,三友化工,7.55,235591197.0,2.861,,
sh600410,华胜天成,22.33,1011355597.0,-2.233,,
sh600415,小商品城,12.97,606734974.0,-1.593,,
sh600416,湘电股份,12.96,133901223.0,-0.993,,
sh600418,江淮汽车,49.17,1459828694.0,-4.339,,
sh600419,天润乳业,9.62,17820237.0,-0.825,,
sh600420,国药现代,9.63,33398849.0,0.0,,
sh600421,*ST华嵘,4.08,0.0,0.0,,
sh600422,昆药集团,9.37,35155703.0,-1.679,,
sh600423,*ST柳化,3.08,26007829.0,-1.911,,
sh600425,青松建化,4.11,34330376.0,-0.484,,
sh600426,华鲁恒升,35.04,415464659.0,0.632,,
sh600428,中远海特,8.22,90515874.0,-0.364,,
sh600429,三元股份,5.44,95501137.0,-3.203,,
sh600433,冠豪高新,4.78,325745152.0,-1.848,,
sh600435,北方导航,14.71,225680480.0,-2.647,,
sh600436,片仔癀,139.58,178920145.0,-0.937,,
sh600438,通威股份,17.18,782402313.0,-0.232,,
sh600439,瑞贝卡,2.65,32228085.0,-2.214,,
sh600444,国机通用,17.31,24669592.0,-0.46,,
sh600446,金证股份,14.08,259038458.0,1.149,,
sh600448,华纺股份,3.61,40307749.0,-0.551,,
sh600449,宁夏建材,13.7,42522634.0,-1.792,,
sh600452,涪陵电力,12.22,348861781.0,0.742,,
sh600455,博通股份,29.16,23013340.0,-0.239,,
sh600456,宝钛股份,35.55,232922993.0,-1.796,,
sh600458,时代新材,12.44,74324931.0,-1.815,,
sh600459,贵研铂业,21.23,226947412.0,-1.164,,
sh600460,士兰微,30.54,881325618.0,0.23,,
sh600461,洪城环境,10.42,57152879.0,1.067,,
sh600463,空港股份,11.33,19072794.0,-1.393,,
sh600467,好当家,2.42,38791098.0,-1.224,,
sh600468,百利电气,7.87,173915116.0,0.897,,
sh600469,风神股份,6.51,36867533.0,-0.611,,
sh600470,六国化工,6.51,99497362.0,-2.545,,
sh600475,华光环能,17.5,121157104.0,0.229,,
sh600476,*ST湘邮,12.79,39968998.0,-1.54,,
sh600477,杭萧钢构,3.06,65054197.0,-0.649,,
sh600478,科力远,7.07,253269399.0,-2.885,,
sh600479,千金药业,10.63,43664804.0,-1.574,,
sh600480,凌云股份,11.7,570325399.0,2.902,,
sh600481,双良节能,6.43,432694874.0,-0.464,,
sh600482,中国动力,37.52,481105786.0,-0.977,,
sh600483,福能股份,10.37,176869499.0,1.766,,
sh600486,扬农化工,66.6,247627400.0,-0.597,,
sh600487,亨通光电,76.61,7751138918.0,2.16,,
sh600488,津药药业,7.04,1185757676.0,6.667,,
sh600489,中金黄金,27.18,967018772.0,0.481,,
sh600490,鹏欣资源,9.07,422198157.0,-0.874,,
sh600491,ST龙元,1.54,25670876.0,-4.938,,
sh600493,凤竹纺织,7.43,21507310.0,-1.065,,
sh600495,晋西车轴,4.31,31163642.0,-1.373,,
sh600496,精工钢构,4.36,106736366.0,2.108,,
sh600497,驰宏锌锗,10.06,1087051306.0,-1.469,,
sh600498,烽火通信,58.76,4608561989.0,0.256,,
sh600499,科达制造,18.64,266911631.0,0.757,,
sh600500,中化国际,5.19,136115043.0,0.387,,
sh600501,航天晨光,24.59,141372070.0,-0.767,,
sh600502,安徽建工,5.54,96296436.0,2.593,,
sh600503,华丽家族,2.58,51350873.0,0.781,,
sh600505,西昌电力,14.16,166994309.0,2.832,,
sh600506,统一股份,18.35,64207429.0,-0.65,,
sh600507,方大特钢,5.65,99547280.0,-0.877,,
sh600508,上海能源,13.63,37919887.0,-0.365,,
sh600509,天富能源,9.16,298472153.0,-0.218,,
sh600510,黑牡丹,10.29,241989097.0,-5.769,,
sh600511,国药股份,28.56,47110138.0,0.035,,
sh600512,腾达建设,2.41,39568668.0,-1.633,,
sh600513,联环药业,20.88,161260276.0,-1.926,,
sh600515,海南机场,3.48,115157550.0,-0.571,,
sh600516,方大炭素,5.69,163194704.0,-1.727,,
sh600517,国网英大,5.98,115818816.0,0.336,,
sh600518,康美药业,1.7,142289553.0,-0.585,,
sh600519,贵州茅台,1350.59,3396237905.0,-0.789,,
sh600520,三佳科技,31.44,186571167.0,-0.695,,
sh600521,华海药业,17.22,359860912.0,-1.375,,
sh600522,中天科技,44.04,10263384778.0,0.41,,
sh600523,贵航股份,13.66,33631152.0,-1.585,,
sh600525,ST长园,5.15,60457781.0,0.98,,
sh600526,菲达环保,5.33,26016550.0,-0.187,,
sh600527,江南高纤,3.1,416226618.0,-0.958,,
sh600528,中铁工业,7.96,57340875.0,-0.251,,
sh600529,山东药玻,18.42,43984093.0,-0.754,,
sh600530,交大昂立,7.21,287116445.0,10.076,,
sh600531,豫光金铅,16.77,1094807658.0,0.6,,
sh600533,栖霞建设,2.6,27586498.0,0.0,,
sh600535,天士力,14.94,49830735.0,-0.4,,
sh600536,中国软件,41.94,613063357.0,-0.804,,
sh600537,*ST亿晶,3.47,185228542.0,5.152,,
sh600538,国发股份,7.23,74576577.0,0.837,,
sh600539,狮头股份,18.63,269610468.0,-3.12,,
sh600540,新赛股份,5.66,105595444.0,-0.352,,
sh600543,*ST莫高,4.92,15264131.0,-1.796,,
sh600545,卓郎智能,5.91,927960944.0,-2.475,,
sh600546,山煤国际,13.93,139648185.0,1.383,,
sh600547,山东黄金,35.07,1044497462.0,-0.876,,
sh600548,深高速,9.07,9412956.0,-0.11,,
sh600549,厦门钨业,57.7,1850394772.0,-2.895,,
sh600550,保变电气,16.34,1208731321.0,4.143,,
sh600551,时代出版,7.96,11864830.0,-0.624,,
sh600552,凯盛科技,17.28,855739289.0,2.128,,
sh600556,天下秀,6.14,132817461.0,-1.603,,
sh600557,康缘药业,13.49,50516478.0,-1.676,,
sh600558,大西洋,5.71,53353791.0,-1.382,,
sh600559,老白干酒,13.54,57819239.0,-1.023,,
sh600560,金自天正,14.53,17184864.0,-1.358,,
sh600561,江西长运,7.01,14967339.0,-0.426,,
sh600562,国睿科技,28.01,169245044.0,-0.99,,
sh600563,法拉电子,125.58,431240544.0,-2.424,,
sh600566,济川药业,28.73,118438956.0,0.0,,
sh600567,山鹰国际,1.46,30308475.0,-0.68,,
sh600568,ST中珠,2.53,22871172.0,1.606,,
sh600569,安阳钢铁,2.08,23041865.0,-0.478,,
sh600570,恒生电子,27.67,413883153.0,-1.214,,
sh600571,信雅达,13.58,106709592.0,2.646,,
sh600572,康恩贝,4.4,118906718.0,-1.345,,
sh600573,惠泉啤酒,13.93,82870203.0,-0.215,,
sh600575,淮河能源,3.84,279357400.0,2.128,,
sh600576,祥源文旅,5.83,26504220.0,-0.85,,
sh600577,精达股份,13.79,409653138.0,0.51,,
sh600578,京能电力,5.32,268524499.0,2.703,,
sh600579,中化装备,7.59,30714929.0,-1.938,,
sh600580,卧龙电驱,40.45,1025055666.0,-0.468,,
sh600581,*ST八钢,2.67,33645048.0,-1.111,,
sh600582,天地科技,5.62,74785815.0,-0.531,,
sh600583,海油工程,6.44,128048309.0,0.0,,
sh600584,长电科技,56.02,7420689473.0,0.34,,
sh600585,海螺水泥,21.44,420870758.0,0.047,,
sh600586,金晶科技,5.82,203425298.0,1.748,,
sh600587,新华医疗,13.78,32940385.0,-0.863,,
sh600588,用友网络,12.07,381434834.0,-2.504,,
sh600589,大位科技,12.65,1845919505.0,-2.842,,
sh600590,泰豪科技,15.8,301013053.0,-2.107,,
sh600592,龙溪股份,19.99,103629374.0,-0.892,,
sh600593,大连圣亚,34.77,93709161.0,0.841,,
sh600594,益佰制药,4.12,76877635.0,-2.37,,
sh600595,中孚实业,7.81,288905860.0,1.166,,
sh600596,新安股份,12.62,206567926.0,1.284,,
sh600597,光明乳业,7.37,18846299.0,-0.405,,
sh600598,北大荒,16.79,183008857.0,0.06,,
sh600599,*ST熊猫,3.95,0.0,0.0,,
sh600600,青岛啤酒,62.71,167740925.0,-0.112,,
sh600601,方正科技,14.4,7365669915.0,8.027,,
sh600602,云赛智联,22.63,605204457.0,-2.415,,
sh600603,广汇物流,5.69,32840685.0,-2.065,,
sh600604,市北高新,4.9,21567334.0,-0.609,,
sh600605,汇通能源,33.5,96973264.0,-1.063,,
sh600606,绿地控股,1.64,211871887.0,0.0,,
sh600608,*ST沪科,2.07,0.0,0.0,,
sh600609,金杯汽车,4.12,16709363.0,-0.242,,
sh600610,中毅达,10.69,373330530.0,-2.906,,
sh600611,大众交通,4.63,27510287.0,-0.216,,
sh600612,老凤祥,38.69,21751715.0,-0.616,,
sh600613,神奇制药,5.72,27690437.0,-2.389,,
sh600615,鑫源智造,11.62,16434128.0,-1.022,,
sh600616,金枫酒业,4.91,20679802.0,-1.008,,
sh600617,国新能源,3.53,51639938.0,-0.282,,
sh600618,氯碱化工,12.27,52894161.0,-0.081,,
sh600619,海立股份,18.31,216850583.0,-0.272,,
sh600620,天宸股份,5.46,28933899.0,-3.363,,
sh600621,华鑫股份,14.53,107157451.0,0.0,,
sh600622,光大嘉宝,2.7,31070259.0,-0.735,,
sh600623,华谊集团,9.66,120938711.0,-0.617,,
sh600624,ST复华,4.79,70868067.0,4.814,,
sh600626,申达股份,3.91,42487997.0,-2.494,,
sh600628,新世界,7.1,26855704.0,-0.56,,
sh600629,华建集团,20.54,205354335.0,-2.051,,
sh600630,龙头股份,8.16,22220497.0,-1.449,,
sh600633,浙数文化,13.52,349354533.0,-2.171,,
sh600635,大众公用,5.37,69442859.0,-0.371,,
sh600636,*ST国化,4.51,0.0,0.0,,
sh600637,东方明珠,10.32,406629699.0,-2.457,,
sh600638,新黄浦,6.58,82626153.0,3.297,,
sh600639,浦东金桥,10.5,43016169.0,0.191,,
sh600640,国脉文化,12.67,36172994.0,-0.861,,
sh600641,先导基电,28.69,1118417451.0,-2.448,,
sh600642,申能股份,9.78,239278669.0,2.516,,
sh600643,爱建集团,4.98,48472170.0,-0.797,,
sh600644,乐山电力,12.33,479310386.0,4.227,,
sh600645,中源协和,24.57,119729580.0,-2.345,,
sh600648,外高桥,10.11,8070592.0,0.0,,
sh600649,城投控股,4.45,122136809.0,1.136,,
sh600650,锦江在线,12.63,21738232.0,-0.237,,
sh600651,飞乐音响,7.27,115377106.0,-0.819,,
sh600653,申华控股,1.81,20075884.0,-1.093,,
sh600654,中安科,4.07,395253492.0,-1.928,,
sh600655,豫园股份,4.86,22032779.0,-0.613,,
sh600657,信达地产,3.2,54256761.0,-0.621,,
sh600658,电子城,5.22,74865800.0,-2.612,,
sh600660,福耀玻璃,59.36,287279071.0,-0.067,,
sh600661,昂立教育,10.02,20838057.0,-1.765,,
sh600662,外服控股,5.01,23033872.0,-0.595,,
sh600663,陆家嘴,8.84,119554887.0,2.079,,
sh600664,哈药股份,3.9,349573647.0,-2.743,,
sh600665,天地源,3.48,19648658.0,-0.855,,
sh600666,奥瑞德,5.56,482480786.0,-2.797,,
sh600667,太极实业,11.44,1226500393.0,2.601,,
sh600668,尖峰集团,8.98,74051562.0,-3.337,,
sh600671,天目药业,19.85,17175954.0,-0.551,,
sh600673,东阳光,37.96,2466211119.0,-2.717,,
sh600674,川投能源,15.46,311819405.0,1.112,,
sh600675,中华企业,2.65,54951513.0,0.379,,
sh600676,交运股份,7.99,230316697.0,-7.309,,
sh600678,ST金顶,8.04,5353032.0,-4.965,,
sh600679,上海凤凰,11.04,15514518.0,-1.429,,
sh600681,百川能源,4.07,44038414.0,-0.973,,
sh600682,南京新百,6.52,50210528.0,-2.541,,
sh600683,京投发展,19.41,1062950308.0,2.427,,
sh600684,珠江股份,4.42,27581819.0,-0.674,,
sh600685,中船防务,31.45,339387308.0,-1.994,,
sh600686,金龙汽车,14.91,167156861.0,-1.389,,
sh600688,上海石化,3.06,124695808.0,-2.236,,
sh600689,上海三毛,13.03,19573659.0,-0.762,,
sh600690,海尔智家,21.4,382447835.0,-0.419,,
sh600691,潞化科技,3.08,78017486.0,-1.597,,
sh600692,亚通股份,8.11,41931566.0,-1.458,,
sh600693,东百集团,11.54,248961693.0,-1.536,,
sh600694,大商股份,18.18,44049513.0,-1.41,,
sh600696,*ST岩石,1.31,0.0,0.0,,
sh600697,欧亚集团,12.61,17031881.0,-0.943,,
sh600698,湖南天雁,7.42,36486995.0,-1.067,,
sh600699,均胜电子,28.3,663057834.0,-2.178,,
sh600702,舍得酒业,44.08,113546865.0,-1.409,,
sh600703,三安光电,16.69,4281391917.0,4.052,,
sh600704,物产中大,5.18,85275042.0,0.388,,
sh600706,曲江文旅,9.33,19622273.0,-1.478,,
sh600707,彩虹股份,9.54,1285270301.0,4.262,,
sh600708,光明地产,4.04,104507591.0,-1.222,,
sh600710,苏美达,12.14,118681289.0,-2.176,,
sh600711,盛屯矿业,14.35,858814800.0,-0.485,,
sh600712,南宁百货,6.25,34676423.0,-1.575,,
sh600713,南京医药,5.43,62193733.0,0.929,,
sh600714,金瑞矿业,24.18,352576802.0,-2.382,,
sh600715,文投控股,2.03,40761550.0,-1.932,,
sh600716,凤凰股份,4.47,50903529.0,-0.445,,
sh600717,天津港,4.61,56852769.0,0.0,,
sh600718,东软集团,9.25,40670352.0,-1.175,,
sh600719,大连热电,10.62,736380891.0,10.052,,
sh600720,中交设计,6.68,14718281.0,-0.299,,
sh600721,百花医药,8.4,34737395.0,-1.524,,
sh600722,金牛化工,12.69,1000615689.0,-9.936,,
sh600724,宁波富达,8.08,74727116.0,1.635,,
sh600725,云维股份,3.94,59609878.0,-3.902,,
sh600726,华电能源,7.83,1738294834.0,0.385,,
sh600727,鲁北化工,8.09,65276631.0,-0.123,,
sh600728,佳都科技,5.55,89402437.0,-1.596,,
sh600729,重百集团,20.98,45303311.0,-1.641,,
sh600730,*ST高科,11.45,38004840.0,5.046,,
sh600731,湖南海利,6.62,20785981.0,-1.194,,
sh600732,爱旭股份,14.8,372450798.0,0.475,,
sh600733,北汽蓝谷,7.04,227397220.0,-0.845,,
sh600734,*ST实达,2.34,460598799.0,4.933,,
sh600735,ST新华锦,6.66,87264885.0,5.047,,
sh600736,苏州高新,9.5,863010150.0,-4.137,,
sh600737,中粮糖业,15.07,184154698.0,-1.051,,
sh600738,丽尚国潮,4.7,25667677.0,-1.261,,
sh600739,辽宁成大,12.0,55358071.0,-0.58,,
sh600740,山西焦化,3.94,76964765.0,-1.253,,
sh600741,华域汽车,18.05,227072128.0,-0.386,,
sh600742,富维股份,9.36,47072196.0,-1.577,,
sh600743,华远控股,2.67,128160849.0,-0.743,,
sh600744,华银电力,9.01,1273135240.0,1.578,,
sh600745,*ST闻泰,21.76,27937664.0,-4.978,,
sh600746,江苏索普,7.61,93698101.0,-3.304,,
sh600748,上实发展,6.04,385816170.0,0.166,,
sh600749,西藏旅游,16.03,47146465.0,-0.804,,
sh600750,华润江中,23.72,54405812.0,-1.208,,
sh600751,海航科技,3.85,82787272.0,-1.282,,
sh600753,*ST海钦,13.67,15591325.0,0.811,,
sh600754,锦江酒店,22.71,240856130.0,-2.699,,
sh600755,厦门国贸,6.33,62613169.0,0.0,,
sh600756,浪潮软件,17.05,102855901.0,-0.987,,
sh600757,长江传媒,8.66,33067831.0,0.231,,
sh600758,辽宁能源,4.14,236995671.0,2.475,,
sh600759,ST洲际,3.62,42143678.0,-4.987,,
sh600760,中航沈飞,48.62,491230881.0,-1.519,,
sh600761,安徽合力,20.57,335261118.0,1.48,,
sh600763,通策医疗,41.5,137929038.0,-1.096,,
sh600764,中国海防,24.06,68920905.0,-1.635,,
sh600765,中航重机,16.29,172015650.0,-1.749,,
sh600768,宁波富邦,19.07,38703135.0,-0.262,,
sh600769,祥龙电业,20.51,420930719.0,4.75,,
sh600770,综艺股份,8.31,799038609.0,0.484,,
sh600771,广誉远,16.18,51179982.0,-1.281,,
sh600773,西藏城投,23.68,543698613.0,-0.546,,
sh600774,汉商集团,8.65,16463717.0,-1.368,,
sh600775,南京熊猫,13.23,154499253.0,-2.362,,
sh600776,东方通信,19.07,661606719.0,1.652,,
sh600777,*ST新潮,5.89,67011828.0,1.552,,
sh600778,友好集团,6.89,26333898.0,-0.434,,
sh600779,水井坊,32.56,36875890.0,-1.303,,
sh600780,通宝能源,7.5,255530163.0,3.878,,
sh600782,新钢股份,3.17,75779151.0,0.0,,
sh600783,鲁信创投,24.59,712819525.0,1.069,,
sh600784,鲁银投资,7.26,23928635.0,-0.684,,
sh600785,新华百货,18.3,51419030.0,0.055,,
sh600787,中储股份,5.23,42167114.0,-0.947,,
sh600789,鲁抗医药,8.57,145866626.0,-2.724,,
sh600790,轻纺城,4.69,137153465.0,-0.846,,
sh600791,京能置业,14.84,162279141.0,2.345,,
sh600792,云煤能源,4.16,31992439.0,-1.422,,
sh600793,宜宾纸业,16.18,26673598.0,-1.701,,
sh600794,保税科技,3.58,18847700.0,-0.831,,
sh600795,国电电力,5.02,721155501.0,1.414,,
sh600796,钱江生化,6.06,27081063.0,-1.623,,
sh600797,浙大网新,9.17,181456146.0,-2.03,,
sh600798,宁波海运,3.73,32205133.0,-1.061,,
sh600800,渤海化学,4.83,123144793.0,0.207,,
sh600801,华新建材,21.34,200860410.0,3.142,,
sh600802,福建水泥,5.81,16496872.0,-0.853,,
sh600803,新奥股份,20.58,88345678.0,1.18,,
sh600805,悦达投资,5.17,37583439.0,-2.083,,
sh600807,济高发展,3.08,35577646.0,-2.222,,
sh600808,马钢股份,3.77,126889028.0,-2.078,,
sh600809,山西汾酒,138.0,626794394.0,-1.688,,
sh600810,神马股份,7.31,62268624.0,-0.679,,
sh600812,华北制药,5.27,37978901.0,-1.495,,
sh600814,杭州解百,7.58,19917871.0,-0.655,,
sh600815,厦工股份,4.6,300484054.0,-4.564,,
sh600816,建元信托,3.17,168618655.0,-0.314,,
sh600817,宇通重工,11.19,43788120.0,-1.928,,
sh600818,ST中路,6.01,492219.0,-5.055,,
sh600819,耀皮玻璃,6.97,61965350.0,2.5,,
sh600820,隧道股份,5.95,63146906.0,0.337,,
sh600821,金开新能,8.97,1105906568.0,1.701,,
sh600822,上海物贸,9.94,14896480.0,-1.291,,
sh600824,益民集团,4.1,14590499.0,-0.726,,
sh600825,新华传媒,6.0,74066467.0,0.671,,
sh600826,兰生股份,9.81,50290825.0,-2.291,,
sh600827,百联股份,8.39,30037376.0,-0.592,,
sh600828,茂业商业,5.08,99909763.0,0.395,,
sh600829,人民同泰,9.95,45080195.0,-0.699,,
sh600830,香溢融通,10.39,51812018.0,-1.423,,
sh600831,广电网络,3.91,20145133.0,0.0,,
sh600833,第一医药,12.01,16183851.0,-1.879,,
sh600834,申通地铁,8.11,6137425.0,-0.856,,
sh600835,上海机电,24.28,136099208.0,-1.501,,
sh600838,上海九百,9.39,43307657.0,-2.187,,
sh600839,四川长虹,8.65,380757288.0,-1.256,,
sh600841,动力新科,8.25,113213555.0,0.487,,
sh600843,上工申贝,9.02,50921470.0,-2.697,,
sh600844,金煤科技,3.49,69745468.0,-3.324,,
sh600845,宝信软件,23.73,269689280.0,-2.023,,
sh600846,同济科技,12.76,13894895.0,-0.855,,
sh600847,万里股份,14.77,19583977.0,-0.606,,
sh600848,上海临港,9.14,42915655.0,-0.652,,
sh600850,电科数字,19.77,122392237.0,-1.691,,
sh600851,海欣股份,8.46,76878442.0,-4.19,,
sh600853,龙建股份,4.02,16221840.0,0.249,,
sh600854,春兰股份,5.8,216379950.0,-2.685,,
sh600855,航天长峰,20.62,405992295.0,-1.292,,
sh600857,宁波中百,13.07,20675615.0,0.077,,
sh600858,银座股份,5.73,16691276.0,-0.521,,
sh600859,王府井,12.07,67413824.0,-0.74,,
sh600860,京城股份,10.86,64180705.0,-0.822,,
sh600861,北京人力,15.9,17138523.0,-0.687,,
sh600862,中航高科,21.02,216618220.0,-1.5,,
sh600863,华能蒙电,4.91,333515297.0,2.292,,
sh600864,哈投股份,6.16,141799612.0,-0.162,,
sh600865,百大集团,11.62,34957668.0,-0.769,,
sh600866,星湖科技,6.11,140853787.0,-2.862,,
sh600867,通化东宝,9.06,128091994.0,-1.522,,
sh600868,梅雁吉祥,3.66,258812554.0,1.95,,
sh600869,远东股份,22.9,1427514404.0,9.99,,
sh600871,石化油服,2.63,104340029.0,-0.379,,
sh600872,中炬高新,20.36,198580738.0,-1.785,,
sh600873,梅花生物,9.48,227137471.0,1.282,,
sh600874,创业环保,6.26,29320862.0,-0.318,,
sh600875,东方电气,39.12,2186104184.0,2.785,,
sh600876,凯盛新能,9.42,22560187.0,-0.633,,
sh600877,电科芯片,17.33,256611328.0,-2.64,,
sh600879,航天电子,25.98,2533568772.0,-2.987,,
sh600880,博瑞传播,5.3,62372149.0,0.0,,
sh600881,亚泰集团,1.61,25396301.0,-0.617,,
sh600882,妙可蓝多,19.42,61523346.0,-2.412,,
sh600883,博闻科技,9.26,18259565.0,-0.963,,
sh600884,杉杉股份,16.12,1104960113.0,-2.421,,
sh600885,宏发股份,31.96,290135711.0,-1.662,,
sh600886,国投电力,13.62,427345711.0,0.442,,
sh600887,伊利股份,28.1,824488835.0,0.143,,
sh600888,新疆众和,8.71,174865668.0,1.044,,
sh600889,*ST京化,15.8,32965992.0,-0.315,,
sh600892,*ST大晟,4.04,12658510.0,0.748,,
sh600893,航发动力,48.51,944462622.0,-3.941,,
sh600894,广日股份,9.12,50622360.0,-1.299,,
sh600895,张江高科,37.74,582387925.0,-1.847,,
sh600897,厦门空港,15.94,10812961.0,-0.125,,
sh600900,长江电力,27.13,1210269675.0,0.444,,
sh600901,江苏金租,6.63,133060535.0,0.151,,
sh600903,贵州燃气,6.4,27491754.0,-0.312,,
sh600905,三峡能源,4.21,522386985.0,0.959,,
sh600906,财达证券,6.68,247769436.0,2.454,,
sh600908,无锡银行,5.66,33950655.0,0.0,,
sh600909,华安证券,5.83,211046734.0,0.344,,
sh600916,中国黄金,8.95,153520077.0,-0.776,,
sh600917,重庆燃气,5.3,14417927.0,0.0,,
sh600918,中泰证券,6.06,84822186.0,0.0,,
sh600919,江苏银行,11.31,342659807.0,-0.44,,
sh600925,苏能股份,4.66,20733259.0,0.431,,
sh600926,杭州银行,16.63,212311665.0,-1.13,,
sh600927,永安期货,14.78,42097071.0,-1.005,,
sh600928,西安银行,3.61,45583752.0,0.0,,
sh600929,雪天盐业,6.92,124916528.0,1.318,,
sh600930,华电新能,6.5,1069472958.0,2.041,,
sh600933,爱柯迪,17.71,124141551.0,-1.447,,
sh600935,华塑股份,2.63,37559709.0,0.766,,
sh600936,北投科技,5.18,563880374.0,1.569,,
sh600938,中国海油,36.22,590818172.0,-0.083,,
sh600939,重庆建工,3.07,13537321.0,0.327,,
sh600941,中国移动,97.93,429684582.0,0.256,,
sh600955,维远股份,18.82,63400524.0,-0.581,,
sh600956,新天绿能,9.05,150855401.0,1.457,,
sh600958,东方证券,9.58,654696366.0,0.314,,
sh600959,江苏有线,4.0,106829173.0,-0.744,,
sh600960,渤海汽车,4.9,39585570.0,-1.408,,
sh600961,株冶集团,30.27,1232368876.0,-0.264,,
sh600962,国投中鲁,24.16,68489065.0,-0.041,,
sh600963,岳阳林纸,4.53,87450113.0,-2.998,,
sh600965,*ST福成,3.04,88721694.0,-3.185,,
sh600966,博汇纸业,6.25,60973904.0,-3.846,,
sh600967,内蒙一机,14.18,137851991.0,-1.801,,
sh600968,海油发展,4.17,80683770.0,-0.239,,
sh600969,郴电国际,11.22,81402030.0,-0.267,,
sh600970,中材国际,9.22,99433997.0,-0.324,,
sh600971,恒源煤电,7.88,48608058.0,-0.881,,
sh600973,宝胜股份,7.82,379686372.0,3.851,,
sh600975,新五丰,5.47,72353755.0,-3.014,,
sh600976,健民集团,31.64,33354985.0,-2.285,,
sh600977,中国电影,14.37,257821439.0,1.197,,
sh600979,广安爱众,5.26,262155320.0,0.96,,
sh600980,北矿科技,23.64,47793602.0,-2.314,,
sh600981,苏豪汇鸿,2.81,24575125.0,-1.056,,
sh600982,宁波能源,6.7,469661936.0,3.077,,
sh600983,惠而浦,9.19,13004735.0,-0.649,,
sh600984,建设机械,4.88,132530933.0,0.0,,
sh600985,淮北矿业,13.68,79501385.0,0.514,,
sh600986,浙文互联,10.7,592517046.0,-2.194,,
sh600987,航民股份,7.12,74347503.0,0.707,,
sh600988,赤峰黄金,41.66,1143079531.0,-0.904,,
sh600989,宝丰能源,28.47,1165687413.0,0.459,,
sh600990,四创电子,22.97,47984996.0,-1.627,,
sh600992,贵绳股份,12.38,73117898.0,-0.881,,
sh600993,马应龙,26.19,93725895.0,0.422,,
sh600995,南网储能,15.15,291446093.0,1.61,,
sh600996,贵广网络,8.46,116849976.0,-0.821,,
sh600997,开滦股份,5.63,38098336.0,-1.228,,
sh600998,九州通,5.05,79217194.0,0.198,,
sh600999,招商证券,16.27,367695536.0,0.618,,
sh601000,唐山港,4.79,115396787.0,-0.416,,
sh601001,晋控煤业,17.92,63355431.0,-0.056,,
sh601002,XD晋亿实,5.92,122209608.0,-0.337,,
sh601003,柳钢股份,4.48,89747659.0,-1.322,,
sh601005,重庆钢铁,1.41,37461370.0,0.714,,
sh601006,大秦铁路,5.46,693308502.0,1.487,,
sh601007,金陵饭店,7.52,20449852.0,-0.265,,
sh601008,连云港,4.85,20567224.0,0.0,,
sh601009,南京银行,11.25,249826261.0,-0.706,,
sh601010,ST文峰,1.9,5440840.0,-5.0,,
sh601011,宝泰隆,2.99,53049049.0,-1.645,,
sh601012,隆基绿能,16.76,1809166679.0,0.903,,
sh601015,陕西黑猫,3.83,94340845.0,-1.795,,
sh601016,节能风电,5.26,2849863582.0,2.734,,
sh601018,宁波港,3.77,133597627.0,0.533,,
sh601019,山东出版,7.6,22606288.0,-0.262,,
sh601020,华钰矿业,29.58,490244219.0,-2.053,,
sh601021,春秋航空,46.83,117874241.0,-0.149,,
sh601022,宁波远洋,8.84,26546902.0,-0.45,,
sh601026,道生天合,18.72,33165669.0,-0.531,,
sh601033,永兴股份,15.28,37170619.0,0.792,,
sh601038,一拖股份,13.83,55190269.0,-0.86,,
sh601058,赛轮轮胎,13.34,306944450.0,-1.404,,
sh601059,信达证券,17.09,98223028.0,0.411,,
sh601061,中信金属,14.48,143263614.0,0.416,,
sh601065,江盐集团,8.23,12984393.0,-0.363,,
sh601066,中信建投,23.08,158725353.0,-0.087,,
sh601068,中铝国际,6.07,40990432.0,-1.461,,
sh601069,西部黄金,34.08,355221310.0,-1.673,,
sh601077,渝农商行,6.88,202875407.0,-2.134,,
sh601083,锦江航运,12.27,42164223.0,-0.487,,
sh601086,国芳集团,9.13,79512802.0,0.0,,
sh601088,中国神华,45.07,517428390.0,-0.221,,
sh601089,福元医药,20.86,19807391.0,-1.511,,
sh601096,宏盛华源,5.86,177896696.0,2.091,,
sh601098,中南传媒,11.63,65437309.0,0.606,,
sh601099,太平洋,3.78,251706415.0,0.0,,
sh601100,恒立液压,112.92,485327464.0,-0.747,,
sh601101,昊华能源,10.89,161828978.0,-3.114,,
sh601106,中国一重,4.59,317652460.0,-1.923,,
sh601107,四川成渝,6.33,43805299.0,1.932,,
sh601108,财通证券,8.87,680884342.0,2.781,,
sh601111,中国国航,7.1,245017645.0,-0.56,,
sh601112,振石股份,20.83,161266554.0,-1.466,,
sh601113,华鼎股份,4.46,36508221.0,-1.762,,
sh601116,三江购物,14.02,142267880.0,-2.163,,
sh601117,中国化学,8.53,428747460.0,0.947,,
sh601118,海南橡胶,7.35,207554393.0,-1.077,,
sh601121,宝地矿业,7.53,53540896.0,-1.051,,
sh601126,四方股份,69.24,865241217.0,0.61,,
sh601127,赛力斯,87.14,1142577708.0,-2.298,,
sh601128,常熟银行,7.24,232879832.0,1.259,,
sh601133,柏诚股份,25.91,272543647.0,-2.959,,
sh601136,首创证券,16.89,126412552.0,0.357,,
sh601137,博威合金,19.65,188864450.0,1.761,,
sh601138,工业富联,63.99,7372029915.0,-2.825,,
sh601139,深圳燃气,6.71,79696950.0,-0.886,,
sh601155,新城控股,16.4,183026383.0,2.054,,
sh601156,东航物流,16.26,93948031.0,-1.275,,
sh601158,重庆水务,4.51,33155061.0,0.222,,
sh601162,天风证券,3.83,325860588.0,0.0,,
sh601163,三角轮胎,14.94,27720197.0,-0.267,,
sh601166,兴业银行,17.73,861134654.0,0.0,,
sh601168,西部矿业,33.09,1577830078.0,2.446,,
sh601169,北京银行,5.25,221898799.0,-0.19,,
sh601177,杭齿前进,16.7,137372791.0,-2.396,,
sh601179,中国西电,19.08,5345841145.0,5.414,,
sh601186,中国铁建,6.78,197402292.0,0.0,,
sh601187,厦门银行,7.34,42693671.0,-0.272,,
sh601188,龙江交通,3.36,15530166.0,0.0,,
sh601198,东兴证券,13.27,70546057.0,0.151,,
sh601199,江南水务,6.51,111715575.0,1.878,,
sh601200,上海环境,8.2,46729994.0,0.985,,
sh601208,东材科技,45.33,1502200777.0,-1.026,,
sh601211,国泰海通,16.15,919210495.0,-0.124,,
sh601212,白银有色,8.0,1626897426.0,-0.621,,
sh601216,君正集团,5.51,178384657.0,-0.721,,
sh601218,吉鑫科技,6.47,224529191.0,1.252,,
sh601222,林洋能源,6.32,103537784.0,0.958,,
sh601225,陕西煤业,23.81,414402704.0,-0.084,,
sh601226,华电科工,9.12,99291613.0,-0.545,,
sh601228,广州港,3.27,33376511.0,0.0,,
sh601229,上海银行,9.22,296625515.0,-0.108,,
sh601231,环旭电子,41.37,845491490.0,0.461,,
sh601233,桐昆股份,22.3,358970956.0,1.226,,
sh601236,红塔证券,7.56,63334577.0,0.132,,
sh601238,广汽集团,6.83,102015285.0,-1.727,,
sh601279,英利汽车,3.92,19995424.0,-0.759,,
sh601288,农业银行,6.79,909762562.0,-0.294,,
sh601298,青岛港,8.99,38702704.0,0.335,,
sh601311,骆驼股份,9.61,174195345.0,-1.839,,
sh601318,中国平安,59.82,1812860227.0,-0.466,,
sh601319,中国人保,7.47,344832079.0,1.22,,
sh601326,秦港股份,3.51,35340773.0,0.0,,
sh601328,交通银行,6.69,434252651.0,0.3,,
sh601330,绿色动力,9.02,200880099.0,1.577,,
sh601333,广深铁路,3.22,241147535.0,2.548,,
sh601336,新华保险,65.61,598251111.0,-0.38,,
sh601339,百隆东方,9.15,92276142.0,6.025,,
sh601360,三六零,11.47,663839859.0,-1.798,,
sh601366,利群股份,3.99,14423863.0,-0.499,,
sh601368,绿城水务,5.02,13710260.0,-0.199,,
sh601369,陕鼓动力,9.36,35831078.0,0.537,,
sh601375,中原证券,4.11,86352496.0,0.244,,
sh601377,兴业证券,6.14,282899502.0,0.163,,
sh601388,怡球资源,3.87,154768142.0,-2.273,,
sh601390,中国中铁,5.17,390037856.0,0.194,,
sh601398,工商银行,7.48,892434584.0,0.134,,
sh601399,国机重装,4.32,187243182.0,-1.37,,
sh601456,国联民生,9.69,121843393.0,0.311,,
sh601500,通用股份,4.6,38407620.0,-0.433,,
sh601512,中新集团,10.09,156514679.0,-5.613,,
sh601515,衢州东峰,4.88,116310442.0,-0.813,,
sh601518,吉林高速,2.94,16813662.0,0.341,,
sh601519,大智慧,11.26,188348460.0,-0.967,,
sh601528,XD瑞丰银,5.01,56486257.0,-0.398,,
sh601555,东吴证券,8.61,308348197.0,0.702,,
sh601566,九牧王,10.8,21794985.0,-0.552,,
sh601567,三星电气,19.56,261574252.0,-1.012,,
sh601568,北元集团,3.84,28854541.0,0.261,,
sh601577,长沙银行,9.57,62870807.0,-0.104,,
sh601579,会稽山,17.28,55930351.0,-0.804,,
sh601588,北辰实业,2.11,75685974.0,0.0,,
sh601595,上海电影,23.28,36162368.0,-0.852,,
sh601598,中国外运,6.14,50199338.0,1.488,,
sh601599,浙文影业,3.61,55176839.0,-1.366,,
sh601600,中国铝业,11.71,1137642511.0,-0.594,,
sh601601,中国太保,37.26,698261438.0,-0.348,,
sh601606,长城军工,37.81,284890429.0,-2.173,,
sh601607,上海医药,17.18,73623311.0,0.175,,
sh601608,中信重工,6.16,103155725.0,-0.485,,
sh601609,金田股份,12.2,1954108148.0,6.924,,
sh601611,中国核建,13.89,324253216.0,0.507,,
sh601615,明阳智能,16.91,847140128.0,-1.284,,
sh601616,广电电气,4.78,111498331.0,1.919,,
sh601618,中国中冶,2.98,186854371.0,0.337,,
sh601619,嘉泽新能,6.04,181104903.0,0.835,,
sh601628,中国人寿,37.78,584002766.0,-0.448,,
sh601633,长城汽车,19.71,82528931.0,-0.455,,
sh601636,旗滨集团,6.52,246157731.0,-0.61,,
sh601658,邮储银行,5.03,228995080.0,-0.396,,
sh601665,齐鲁银行,6.33,123287393.0,0.158,,
sh601666,平煤股份,8.15,97953331.0,-0.852,,
sh601668,中国建筑,5.03,663975788.0,0.6,,
sh601669,中国电建,5.99,1330081904.0,1.698,,
sh601677,明泰铝业,17.92,334354255.0,-0.61,,
sh601678,滨化股份,5.02,130407820.0,-0.986,,
sh601686,友发集团,5.57,11404940.0,-0.89,,
sh601688,华泰证券,19.65,1767572426.0,1.446,,
sh601689,拓普集团,66.79,1481274676.0,-0.254,,
sh601696,中银证券,12.77,354814235.0,1.108,,
sh601698,中国卫通,38.52,1673921279.0,-3.24,,
sh601699,潞安环能,15.34,186733563.0,-1.54,,
sh601700,风范股份,5.7,97543666.0,1.243,,
sh601702,华峰铝业,18.74,46613661.0,-0.319,,
sh601717,中创智领,18.56,197757878.0,1.31,,
sh601718,ST际华,2.44,373270877.0,2.521,,
sh601727,上海电气,8.59,2489195446.0,-3.483,,
sh601728,中国电信,6.18,390111537.0,0.651,,
sh601766,中国中车,6.03,2134552990.0,0.836,,
sh601777,千里科技,11.17,197840326.0,-0.887,,
sh601778,晶科科技,7.21,1793790146.0,-1.233,,
sh601788,光大证券,15.62,333067628.0,0.064,,
sh601789,宁波建工,6.06,303430408.0,-1.783,,
sh601798,蓝科高新,9.12,32461595.0,-0.762,,
sh601799,星宇股份,137.19,268319201.0,-1.373,,
sh601800,中国交建,6.9,157842194.0,-0.145,,
sh601801,皖新传媒,5.99,41801827.0,-1.48,,
sh601808,中海油服,14.36,105874536.0,-0.416,,
sh601811,新华文轩,13.6,15927352.0,0.074,,
sh601816,京沪高铁,5.07,2047793961.0,3.893,,
sh601818,光大银行,3.15,213857066.0,0.0,,
sh601825,沪农商行,8.62,108811475.0,0.233,,
sh601827,三峰环境,8.18,20358530.0,0.245,,
sh601828,美凯龙,2.75,69254215.0,-0.722,,
sh601838,成都银行,18.99,167709221.0,-0.263,,
sh601857,中国石油,11.12,1040020834.0,0.09,,
sh601858,中国科传,29.43,583577479.0,5.825,,
sh601860,紫金银行,2.67,31870479.0,0.0,,
sh601865,福莱特,13.81,151044670.0,-0.289,,
sh601866,中远海发,2.71,93426479.0,0.37,,
sh601868,中国能建,3.33,3077900828.0,2.462,,
sh601869,长飞光纤,416.46,4780977016.0,4.034,,
sh601872,招商轮船,17.94,1138471153.0,-2.341,,
sh601877,正泰电器,33.54,733301341.0,1.299,,
sh601878,浙商证券,10.02,245579203.0,0.906,,
sh601880,辽港股份,1.65,88784449.0,0.0,,
sh601881,中国银河,13.05,262335213.0,-0.077,,
sh601882,海天精工,23.12,75599811.0,-0.559,,
sh601886,江河集团,9.45,19460269.0,-0.106,,
sh601888,中国中免,61.65,1061001486.0,-1.659,,
sh601890,亚星锚链,10.6,233528726.0,-2.033,,
sh601898,中煤能源,16.21,273650197.0,-1.698,,
sh601899,紫金矿业,34.91,9095969156.0,1.868,,
sh601900,南方传媒,12.44,38359011.0,-0.48,,
sh601901,方正证券,7.29,181719989.0,0.137,,
sh601908,京运通,4.09,197203775.0,1.489,,
sh601916,浙商银行,3.01,104750132.0,0.0,,
sh601918,新集能源,8.68,121115034.0,0.115,,
sh601919,中远海控,14.13,615508458.0,0.569,,
sh601921,浙版传媒,7.53,17967631.0,0.133,,
sh601928,凤凰传媒,9.52,35421993.0,0.634,,
sh601929,吉视传媒,3.03,102910777.0,0.0,,
sh601933,永辉超市,3.71,124478846.0,-0.536,,
sh601939,建设银行,9.65,308250874.0,0.521,,
sh601949,中国出版,5.9,34254616.0,0.34,,
sh601952,苏垦农发,9.52,102018021.0,-1.653,,
sh601956,东贝集团,5.92,18533360.0,-0.838,,
sh601958,金钼股份,21.65,770458803.0,1.93,,
sh601963,重庆银行,10.46,62820434.0,1.161,,
sh601965,中国汽研,16.7,118543550.0,0.361,,
sh601966,玲珑轮胎,13.36,64910641.0,0.075,,
sh601968,宝钢包装,5.12,27310203.0,-0.195,,
sh601969,海南矿业,11.76,236527501.0,0.256,,
sh601975,招商南油,4.65,682716722.0,-2.311,,
sh601985,中国核电,9.25,632319195.0,0.653,,
sh601988,中国银行,5.75,908953779.0,1.232,,
sh601990,南京证券,7.42,88692826.0,0.815,,
sh601991,大唐发电,6.7,4428572147.0,10.016,,
sh601992,金隅集团,1.7,75925509.0,0.0,,
sh601995,中金公司,34.71,263990500.0,-0.058,,
sh601996,丰林集团,3.05,93250404.0,-2.556,,
sh601997,贵阳银行,6.0,137535594.0,0.334,,
sh601998,中信银行,8.25,151409698.0,-0.121,,
sh601999,出版传媒,7.08,23553720.0,-1.255,,
sh603000,人民网,19.97,199368646.0,-1.431,,
sh603001,奥康国际,9.2,47447009.0,0.0,,
sh603002,宏昌电子,14.87,449953853.0,-2.874,,
sh603004,鼎龙科技,21.27,27486716.0,-2.252,,
sh603005,晶方科技,32.74,662971908.0,-0.547,,
sh603006,联明股份,14.04,22518607.0,-0.847,,
sh603007,花王股份,7.65,1053578781.0,10.072,,
sh603008,ST喜临门,7.98,376430097.0,-5.0,,
sh603009,北特科技,52.2,225112077.0,-0.325,,
sh603010,万盛股份,15.44,205975158.0,-2.832,,
sh603011,合锻智能,21.84,250833800.0,-1.799,,
sh603012,创力集团,9.69,195416938.0,-2.319,,
sh603013,亚普股份,21.34,50748113.0,0.755,,
sh603014,威高血净,35.81,22532527.0,-2.025,,
sh603015,弘讯科技,12.51,36337997.0,-0.556,,
sh603016,新宏泰,50.83,113726315.0,-3.291,,
sh603017,中衡设计,15.73,212497617.0,-2.298,,
sh603018,华设集团,7.58,23976956.0,-0.132,,
sh603019,中科曙光,98.74,3414031606.0,-1.309,,
sh603020,爱普股份,12.0,134956705.0,0.587,,
sh603021,*ST华鹏,7.14,36982990.0,5.0,,
sh603022,新通联,11.54,24090714.0,-0.944,,
sh603023,威帝股份,4.82,30620062.0,-0.413,,
sh603025,大豪科技,16.97,223131818.0,-3.907,,
sh603026,石大胜华,102.55,1030414433.0,-2.016,,
sh603027,千禾味业,8.82,48624969.0,-0.339,,
sh603028,赛福天,9.68,76591262.0,0.207,,
sh603029,天鹅股份,19.85,15288178.0,-0.75,,
sh603030,全筑股份,2.96,90778161.0,-1.987,,
sh603031,安孚科技,47.43,597042188.0,-3.046,,
sh603032,德新科技,24.1,331969713.0,-8.712,,
sh603033,三维股份,11.37,144448820.0,1.427,,
sh603035,常熟汽饰,13.24,39880118.0,-1.268,,
sh603036,如通股份,16.77,36202512.0,-1.411,,
sh603037,凯众股份,15.62,157182510.0,10.0,,
sh603038,华立股份,16.22,40225637.0,-2.289,,
sh603039,泛微网络,48.82,212509371.0,-1.672,,
sh603040,新坐标,79.44,96353779.0,-2.492,,
sh603041,美思德,13.87,16477758.0,-1.84,,
sh603042,华脉科技,22.91,261147759.0,-0.391,,
sh603043,广州酒家,15.01,38512271.0,-1.12,,
sh603045,福达合金,72.23,1597250863.0,5.677,,
sh603048,浙江黎明,23.53,15045521.0,-0.926,,
sh603049,中策橡胶,48.52,41632986.0,-0.533,,
sh603050,XD科林电,25.04,130559637.0,-0.199,,
sh603051,鹿山新材,24.92,72163630.0,-0.12,,
sh603052,可川科技,95.35,144160237.0,10.002,,
sh603053,成都燃气,9.76,13627025.0,0.412,,
sh603055,台华新材,9.09,23999348.0,-0.547,,
sh603057,紫燕食品,26.01,44050805.0,-3.056,,
sh603058,永吉股份,12.06,62485234.0,-2.11,,
sh603059,倍加洁,32.12,51578125.0,-5.307,,
sh603060,国检集团,6.82,46326995.0,-1.445,,
sh603061,金海通,307.95,957164628.0,8.056,,
sh603062,麦加芯彩,56.04,49585505.0,0.43,,
sh603063,禾望电气,57.2,1540554638.0,0.971,,
sh603065,宿迁联盛,8.2,14619325.0,-1.442,,
sh603066,音飞储存,11.85,51685328.0,-1.414,,
sh603067,振华股份,41.63,745627750.0,3.867,,
sh603068,博通集成,36.89,65172019.0,-0.993,,
sh603069,海汽集团,16.82,45346659.0,-0.414,,
sh603070,万控智造,15.46,82334125.0,10.036,,
sh603071,物产环能,14.34,19216353.0,0.28,,
sh603072,天和磁材,38.42,104107001.0,-2.537,,
sh603073,彩蝶实业,20.82,12615874.0,-0.81,,
sh603075,热威股份,24.84,17348262.0,-0.441,,
sh603076,乐惠国际,30.71,63145651.0,-3.215,,
sh603077,和邦生物,2.79,391002595.0,-2.787,,
sh603078,江化微,28.2,491873456.0,-1.433,,
sh603079,圣达生物,15.76,29316786.0,-1.5,,
sh603080,新疆火炬,22.01,29323001.0,-0.045,,
sh603081,大丰实业,12.27,58642588.0,0.491,,
sh603082,北自科技,35.09,21544655.0,-1.846,,
sh603083,剑桥科技,193.51,3580115960.0,-2.169,,
sh603085,天成自控,13.98,105672654.0,-1.895,,
sh603086,先达股份,7.29,24321366.0,-1.884,,
sh603087,甘李药业,59.04,200220819.0,-1.959,,
sh603088,宁波精达,12.32,71044784.0,-1.203,,
sh603089,正裕工业,11.72,13669753.0,-0.93,,
sh603090,宏盛股份,64.71,138498827.0,-2.692,,
sh603091,众鑫股份,84.45,15116062.0,0.464,,
sh603092,德力佳,73.66,76242429.0,-1.061,,
sh603093,南华期货,21.68,63015997.0,-1.185,,
sh603095,越剑智能,23.76,230619334.0,-5.639,,
sh603096,新经典,18.75,16223821.0,-1.316,,
sh603097,江苏华辰,28.31,33939599.0,0.39,,
sh603098,森特股份,13.61,63866887.0,-2.367,,
sh603099,长白山,37.14,206466550.0,2.342,,
sh603100,川仪股份,20.51,44475561.0,-0.34,,
sh603101,汇嘉时代,8.62,74746712.0,-2.928,,
sh603102,百合股份,41.68,20249201.0,0.12,,
sh603103,横店影视,21.01,50603746.0,0.143,,
sh603105,芯能科技,10.09,121289660.0,2.126,,
sh603106,恒银科技,9.13,21221311.0,-0.653,,
sh603107,上海汽配,14.52,25609776.0,-0.548,,
sh603108,润达医疗,13.51,87286925.0,-1.602,,
sh603109,神驰机电,22.51,32810419.0,-1.142,,
sh603110,东方材料,23.76,148470398.0,-1.411,,
sh603111,康尼机电,7.03,122594745.0,2.928,,
sh603112,华翔股份,22.31,94649152.0,0.586,,
sh603113,金能科技,5.6,64920466.0,-2.269,,
sh603115,海星股份,62.2,270727715.0,-0.4,,
sh603116,红蜻蜓,7.23,115049452.0,0.0,,
sh603117,万林物流,5.0,58014397.0,-3.661,,
sh603118,共进股份,15.65,810099319.0,-1.819,,
sh603119,浙江荣泰,91.59,1155033249.0,0.285,,
sh603120,肯特催化,43.79,52036581.0,-1.706,,
sh603121,华培动力,20.82,72198535.0,-1.374,,
sh603122,合富中国,15.82,142316437.0,-2.526,,
sh603123,翠微股份,11.77,123416350.0,-1.258,,
sh603124,江南新材,132.4,116854729.0,-0.787,,
sh603125,常青科技,24.08,72557618.0,0.0,,
sh603126,中材节能,8.95,189607343.0,6.043,,
sh603127,昭衍新药,40.45,683773385.0,0.797,,
sh603128,华贸物流,5.68,23691216.0,-0.873,,
sh603129,春风动力,263.22,192702728.0,-1.26,,
sh603130,云中马,50.21,65382879.0,-2.22,,
sh603131,上海沪工,24.29,278226162.0,-2.017,,
sh603132,金徽股份,19.88,83165514.0,1.222,,
sh603135,中重科技,12.43,25849973.0,-1.817,,
sh603136,天目湖,10.48,11205407.0,-0.38,,
sh603137,恒尚节能,14.02,11621374.0,-0.849,,
sh603138,海量数据,19.63,153954111.0,-2.822,,
sh603139,康惠股份,40.27,120493245.0,2.156,,
sh603150,万朗磁塑,72.79,164111754.0,-0.939,,
sh603151,邦基科技,15.6,18457449.0,-2.622,,
sh603153,上海建科,15.76,27298544.0,-1.562,,
sh603155,新亚强,18.29,82915000.0,-1.772,,
sh603156,养元饮品,43.68,288076977.0,2.511,,
sh603158,腾龙股份,15.16,298315963.0,-1.302,,
sh603159,上海亚虹,24.71,23488517.0,-1.278,,
sh603160,汇顶科技,66.73,159256924.0,-0.758,,
sh603161,科华控股,14.56,21317937.0,-1.355,,
sh603162,海通发展,18.44,228518774.0,1.041,,
sh603163,圣晖集成,102.91,169224144.0,-3.098,,
sh603165,荣晟环保,17.72,135641383.0,-2.261,,
sh603166,福达股份,14.64,86562373.0,0.619,,
sh603167,渤海轮渡,9.06,16835647.0,-0.44,,
sh603168,莎普爱思,6.66,16925735.0,-1.625,,
sh603169,兰石重装,8.84,98125160.0,-0.338,,
sh603170,宝立食品,13.29,33271457.0,-0.075,,
sh603171,税友股份,62.3,239868490.0,0.5,,
sh603172,万丰股份,22.17,50080368.0,-2.848,,
sh603173,福斯达,38.85,27761601.0,-1.745,,
sh603175,超颖电子,98.23,163374898.0,-1.474,,
sh603176,汇通集团,5.72,10115839.0,-0.694,,
sh603177,德创环保,11.9,23510029.0,-0.751,,
sh603178,圣龙股份,19.66,194956412.0,-2.335,,
sh603179,新泉股份,73.36,1426313225.0,3.034,,
sh603180,金牌家居,18.88,9625930.0,-0.422,,
sh603181,皇马科技,14.47,37842949.0,-1.229,,
sh603182,嘉华股份,15.1,26464441.0,-0.396,,
sh603183,建研院,4.84,29281346.0,-0.616,,
sh603185,弘元绿能,21.91,264510256.0,0.229,,
sh603186,华正新材,96.89,1106319224.0,8.853,,
sh603187,海容冷链,14.34,45761235.0,-2.78,,
sh603188,亚邦股份,5.09,31124281.0,-0.78,,
sh603189,*ST网达,13.55,48649890.0,5.039,,
sh603190,亚通精工,28.37,44328996.0,-0.211,,
sh603191,望变电气,20.93,174980467.0,1.405,,
sh603192,汇得科技,23.25,10890447.0,-0.98,,
sh603193,润本股份,24.96,46802891.0,-0.478,,
sh603194,中力股份,37.57,25808389.0,-0.845,,
sh603195,公牛集团,43.73,75632849.0,-0.636,,
sh603196,璞源材料,28.85,49540866.0,-0.723,,
sh603197,保隆科技,34.97,28244535.0,-0.37,,
sh603198,迎驾贡酒,36.93,202281626.0,-3.501,,
sh603199,九华旅游,35.33,32183991.0,-0.479,,
sh603200,上海洗霸,60.64,188639722.0,-2.288,,
sh603201,常润股份,15.84,17487043.0,-1.92,,
sh603202,天有为,76.95,78631952.0,-2.298,,
sh603203,快克智能,49.24,321224162.0,-3.166,,
sh603205,健尔康,26.14,10474697.0,-0.722,,
sh603206,嘉环科技,17.5,62027777.0,-0.342,,
sh603207,小方制药,26.53,12153158.0,-0.971,,
sh603208,江山欧派,14.43,21171249.0,0.208,,
sh603209,兴通股份,14.61,31039075.0,-1.483,,
sh603210,泰鸿万立,16.49,22284385.0,-0.842,,
sh603211,晋拓股份,30.89,270068810.0,10.007,,
sh603212,赛伍技术,14.91,161193354.0,1.36,,
sh603213,镇洋发展,13.84,10957270.0,-0.36,,
sh603214,爱婴室,16.7,23149360.0,-0.477,,
sh603215,比依股份,18.01,25313493.0,-0.826,,
sh603216,梦天家居,29.28,61824604.0,-2.27,,
sh603217,元利科技,29.49,54816619.0,0.238,,
sh603218,日月股份,12.87,74138384.0,-0.464,,
sh603219,富佳股份,17.09,35887629.0,-1.669,,
sh603220,中贝通信,30.23,745750154.0,-2.797,,
sh603221,爱丽家居,12.22,25544864.0,-0.892,,
sh603222,济民健康,10.32,119393542.0,1.976,,
sh603223,恒通股份,9.18,30087259.0,-1.396,,
sh603225,新凤鸣,18.26,114182761.0,-0.109,,
sh603226,菲林格尔,45.41,69063976.0,-1.411,,
sh603227,雪峰科技,8.56,106658722.0,-1.835,,
sh603228,景旺电子,75.7,1355041395.0,-0.198,,
sh603229,奥翔药业,10.18,53664622.0,-1.357,,
sh603230,内蒙新华,10.77,9199183.0,-0.737,,
sh603231,索宝蛋白,17.79,20078402.0,-0.28,,
sh603232,格尔软件,19.61,73222072.0,-1.655,,
sh603233,大参林,18.78,32066106.0,-0.106,,
sh603235,天新药业,25.88,4171723.0,-0.614,,
sh603236,移远通信,74.31,194031396.0,-1.131,,
sh603237,五芳斋,16.25,24586959.0,-2.402,,
sh603238,诺邦股份,15.91,11444689.0,-0.872,,
sh603239,浙江仙通,24.32,87637927.0,-3.223,,
sh603248,锡华科技,29.11,189318994.0,-3.641,,
sh603255,鼎际得,33.07,32573543.0,0.762,,
sh603256,宏和科技,146.9,1434643899.0,-2.054,,
sh603257,中国瑞林,66.44,81470318.0,-1.204,,
sh603258,电魂网络,16.57,15442069.0,-0.956,,
sh603259,药明康德,110.68,3066621934.0,1.803,,
sh603260,合盛硅业,44.98,182958176.0,-0.86,,
sh603261,*ST立航,36.37,8519272.0,-0.465,,
sh603262,技源集团,25.95,14111206.0,-0.992,,
sh603266,天龙股份,20.24,25563126.0,-0.099,,
sh603267,鸿远电子,56.34,311488244.0,-1.727,,
sh603268,松发股份,159.34,535416263.0,-1.337,,
sh603269,海鸥股份,20.42,277416843.0,10.022,,
sh603270,金帝股份,28.33,40959780.0,-1.186,,
sh603271,永杰新材,48.78,122892442.0,-3.578,,
sh603272,*ST联翔,28.78,89179984.0,4.998,,
sh603273,天元智能,18.15,19776914.0,-0.329,,
sh603275,众辰科技,54.7,331394034.0,2.588,,
sh603276,恒兴新材,18.24,21858058.0,-1.085,,
sh603277,银都股份,13.38,10815724.0,-1.4,,
sh603278,大业股份,15.14,870291585.0,-1.368,,
sh603279,景津装备,18.92,72255009.0,-1.918,,
sh603280,南方路机,33.72,40864798.0,-2.147,,
sh603281,江瀚新材,37.01,110191026.0,1.01,,
sh603282,亚光股份,18.64,28103360.0,0.107,,
sh603283,赛腾股份,57.95,422057065.0,0.381,,
sh603284,林平发展,47.04,53590326.0,-2.0,,
sh603285,键邦股份,49.19,123999180.0,0.758,,
sh603286,日盈电子,67.04,119368562.0,-1.888,,
sh603288,海天味业,38.13,247652725.0,-0.052,,
sh603289,泰瑞机器,12.53,101567725.0,0.481,,
sh603290,斯达半导,114.65,753320699.0,3.149,,
sh603291,联合水务,12.27,35365545.0,-1.128,,
sh603293,埃泰克,52.87,147983909.0,-2.848,,
sh603296,华勤技术,110.63,1280299676.0,-3.674,,
sh603297,永新光学,137.34,184993968.0,-2.596,,
sh603298,杭叉集团,29.49,84951617.0,-0.506,,
sh603299,苏盐井神,10.52,27264878.0,-0.379,,
sh603300,海南华铁,6.64,164178950.0,-1.63,,
sh603301,振德医疗,91.73,48350430.0,-1.799,,
sh603303,得邦照明,20.34,80039278.0,-1.31,,
sh603305,旭升集团,16.44,295991006.0,-1.023,,
sh603306,华懋科技,107.99,1107465563.0,0.784,,
sh603307,扬州金泉,45.53,19371505.0,-1.236,,
sh603308,应流股份,75.21,967965699.0,-2.527,,
sh603309,维力医疗,14.45,56193302.0,-2.89,,
sh603310,巍华新材,16.4,19308569.0,-1.502,,
sh603311,金海高科,23.1,0.0,0.0,,
sh603312,西典新能,38.9,28251614.0,-1.219,,
sh603313,梦百合,6.15,35724320.0,-2.226,,
sh603315,福鞍股份,19.12,204666741.0,0.157,,
sh603316,诚邦股份,18.86,258155778.0,-1.822,,
sh603317,天味食品,16.1,165472794.0,1.641,,
sh603318,水发燃气,11.35,563358710.0,-6.198,,
sh603319,美湖股份,36.86,1289622063.0,-5.993,,
sh603320,迪贝电气,26.29,83224377.0,10.0,,
sh603321,梅轮电梯,7.65,10916331.0,-0.649,,
sh603322,超讯通信,35.62,110608461.0,-2.116,,
sh603323,苏农银行,4.88,38240619.0,-0.408,,
sh603324,盛剑科技,25.92,21748834.0,-1.445,,
sh603325,博隆技术,62.03,15982873.0,-0.752,,
sh603326,我乐家居,8.38,14890818.0,-1.528,,
sh603327,福蓉科技,10.79,202359818.0,-1.281,,
sh603328,依顿电子,12.65,151694739.0,-1.326,,
sh603329,上海雅仕,11.7,16427871.0,-0.931,,
sh603330,天洋新材,7.04,27084941.0,-2.086,,
sh603331,百达精工,16.28,188933758.0,10.0,,
sh603332,苏州龙杰,14.06,31632882.0,-1.747,,
sh603333,尚纬股份,8.61,62582363.0,0.702,,
sh603334,丰倍生物,49.17,29767125.0,-1.954,,
sh603335,迪生力,7.47,61685637.0,-1.451,,
sh603336,宏辉果蔬,12.38,125835372.0,-0.642,,
sh603337,杰克科技,40.83,175712951.0,-5.813,,
sh603338,浙江鼎力,56.37,176774984.0,-2.067,,
sh603339,四方科技,14.21,143053927.0,1.139,,
sh603341,龙旗科技,39.8,247384640.0,-1.069,,
sh603344,星德胜,28.69,41917060.0,0.21,,
sh603345,安井食品,101.19,267261691.0,-1.853,,
sh603348,文灿股份,18.89,20978387.0,-1.306,,
sh603350,安乃达,35.65,15001488.0,-0.862,,
sh603351,威尔药业,27.95,14548868.0,-1.585,,
sh603352,至信股份,36.48,34422789.0,-1.272,,
sh603353,和顺石油,54.43,317822536.0,4.112,,
sh603355,莱克电气,34.72,86829151.0,2.268,,
sh603356,华菱精工,20.13,54750793.0,-0.593,,
sh603357,设计总院,7.5,14351923.0,-0.662,,
sh603358,华达科技,34.0,138492762.0,-1.421,,
sh603359,*ST东珠,3.36,208361812.0,-4.545,,
sh603360,百傲化学,19.21,168553429.0,-2.98,,
sh603363,傲农生物,3.2,85074246.0,-2.439,,
sh603365,水星家纺,21.35,101395422.0,4.197,,
sh603366,日出东方,8.74,127967287.0,1.628,,
sh603367,辰欣药业,15.62,49850828.0,-1.575,,
sh603368,柳药集团,16.99,22166372.0,-0.293,,
sh603369,今世缘,28.97,201529688.0,0.208,,
sh603370,华新精科,43.96,11954811.0,0.0,,
sh603373,安邦护卫,44.74,84020614.0,-2.929,,
sh603375,盛景微,46.99,134419064.0,-2.084,,
sh603376,大明电子,31.0,25653641.0,0.226,,
sh603377,ST东时,3.53,7176571.0,-0.843,,
sh603378,*ST亚士,4.64,77479245.0,4.977,,
sh603379,三美股份,61.81,220760294.0,-0.323,,
sh603380,易德龙,37.44,51799894.0,-2.398,,
sh603381,永臻股份,25.02,315084545.0,0.684,,
sh603382,海阳科技,26.03,13722019.0,-1.662,,
sh603383,顶点软件,33.08,69398766.0,-1.548,,
sh603385,惠达卫浴,6.67,12285033.0,-0.744,,
sh603386,骏亚科技,15.15,151519607.0,-1.239,,
sh603387,基蛋生物,9.81,114855060.0,-3.254,,
sh603389,*ST亚振,68.0,77943126.0,1.508,,
sh603390,通达电气,13.89,97840624.0,-1.068,,
sh603391,力聚热能,66.5,53469463.0,-1.408,,
sh603392,万泰生物,43.49,417603203.0,-5.825,,
sh603393,新天然气,29.6,111629375.0,-2.342,,
sh603395,红四方,27.56,30651668.0,-1.183,,
sh603396,金辰股份,37.72,84398669.0,0.479,,
sh603398,*ST沐邦,14.89,137938764.0,5.007,,
sh603399,永杉锂业,23.53,1596915188.0,-4.194,,
sh603400,华之杰,82.07,126291572.0,-2.321,,
sh603402,陕西旅游,111.51,35920835.0,-0.197,,
sh603406,天富龙,35.09,42953825.0,1.358,,
sh603407,C长裕,87.85,1328980858.0,-4.345,,
sh603408,建霖家居,11.78,7784620.0,-0.758,,
sh603409,汇通控股,44.03,38626139.0,-2.047,,
sh603416,信捷电气,62.63,153677940.0,-2.552,,
sh603418,友升股份,56.62,95518026.0,-2.715,,
sh603421,鼎信通讯,8.78,125148199.0,1.269,,
sh603429,*ST集友,9.9,10736454.0,0.61,,
sh603439,三力制药,12.36,200292132.0,3.258,,
sh603444,吉比特,387.23,396810441.0,-1.568,,
sh603456,九洲药业,13.74,138136619.0,-1.857,,
sh603458,勘设股份,13.1,131551852.0,-2.312,,
sh603459,红板科技,98.08,75553868.0,10.004,,
sh603466,风语筑,10.46,391456046.0,3.873,,
sh603477,巨星农牧,18.73,110690047.0,-2.04,,
sh603486,科沃斯,64.52,284271068.0,-2.449,,
sh603488,展鹏科技,12.22,153659284.0,0.411,,
sh603489,八方股份,39.49,150996089.0,2.015,,
sh603496,恒为科技,31.11,311304541.0,-1.799,,
sh603499,翔港科技,23.0,275354816.0,-0.303,,
sh603500,祥和实业,10.26,25148694.0,-1.061,,
sh603501,豪威集团,102.58,2027306931.0,1.184,,
sh603505,金石资源,18.78,134543630.0,-1.83,,
sh603506,南都物业,13.38,13667337.0,-0.962,,
sh603507,振江股份,44.57,218415915.0,-0.624,,
sh603508,思维列控,26.61,41847659.0,-0.449,,
sh603511,爱慕股份,14.63,7266107.0,-0.544,,
sh603515,欧普照明,19.84,26149989.0,-2.888,,
sh603516,淳中科技,132.25,1668460830.0,-3.741,,
sh603517,ST绝味,11.81,14833522.0,-0.085,,
sh603518,锦泓集团,9.71,14838582.0,-0.512,,
sh603519,立霸股份,14.57,26624968.0,0.344,,
sh603520,司太立,12.02,181153770.0,-0.743,,
sh603527,众源新材,13.14,111850050.0,-3.311,,
sh603528,多伦科技,8.22,27356032.0,-0.364,,
sh603529,爱玛科技,22.96,142809678.0,-1.838,,
sh603530,神马电力,66.17,282490714.0,2.94,,
sh603533,掌阅科技,26.6,296200627.0,-1.917,,
sh603535,嘉诚国际,7.79,18141117.0,-1.267,,
sh603536,惠发食品,10.41,15934851.0,-0.951,,
sh603538,美诺华,53.47,1749059774.0,-6.733,,
sh603551,奥普科技,11.86,10485510.0,-0.503,,
sh603556,海兴电力,30.32,79137472.0,0.497,,
sh603557,*ST起步,4.97,57683783.0,5.074,,
sh603558,健盛集团,13.6,38776063.0,1.644,,
sh603559,ST通脉,9.19,53966702.0,5.029,,
sh603565,中谷物流,11.17,54855732.0,0.45,,
sh603566,普莱柯,11.63,20195902.0,-1.273,,
sh603567,珍宝岛,7.1,65375180.0,-2.606,,
sh603568,伟明环保,21.32,70619592.0,1.379,,
sh603569,长久物流,6.64,12517751.0,-1.337,,
sh603577,汇金通,11.51,40088207.0,1.054,,
sh603578,三星新材,14.69,54156949.0,2.298,,
sh603579,荣泰健康,22.37,47406205.0,-1.236,,
sh603580,*ST艾艾,27.07,4683110.0,5.004,,
sh603583,捷昌驱动,28.62,83957854.0,-1.446,,
sh603585,苏利股份,18.75,42899818.0,-1.16,,
sh603586,金麒麟,17.69,30420604.0,0.34,,
sh603587,地素时尚,13.18,13744463.0,-0.227,,
sh603588,高能环境,14.46,292582096.0,-0.482,,
sh603589,口子窖,23.33,47214862.0,-0.554,,
sh603590,康辰药业,37.51,110460648.0,3.106,,
sh603595,ST东尼,18.95,30471073.0,0.053,,
sh603596,伯特利,32.51,263754138.0,0.37,,
sh603598,引力传媒,25.25,548356830.0,0.598,,
sh603599,广信股份,12.71,124249065.0,-0.781,,
sh603600,永艺股份,12.28,26760695.0,-1.76,,
sh603601,再升科技,17.0,1950987491.0,-5.028,,
sh603602,纵横通信,13.59,28389160.0,-0.585,,
sh603605,珀莱雅,59.79,115927852.0,-1.402,,
sh603606,东方电缆,62.89,726802382.0,1.501,,
sh603607,京华激光,23.13,47220235.0,-2.116,,
sh603608,天创时尚,14.3,153603795.0,0.563,,
sh603609,禾丰股份,6.84,15428802.0,-1.865,,
sh603610,麒盛科技,17.05,66105423.0,-0.641,,
sh603611,诺力股份,19.75,39073566.0,-1.936,,
sh603612,索通发展,24.95,160950022.0,-1.617,,
sh603613,国联股份,27.72,248590745.0,-2.394,,
sh603615,茶花股份,22.17,54890219.0,-1.554,,
sh603616,韩建河山,6.42,104602729.0,-4.606,,
sh603617,君禾股份,7.79,24513756.0,0.257,,
sh603618,杭电股份,41.03,3295479449.0,10.0,,
sh603619,中曼石油,28.84,180843396.0,-1.063,,
sh603626,科森科技,26.93,514495455.0,-2.498,,
sh603628,清源股份,12.76,36765538.0,0.552,,
sh603629,利通电子,159.46,3058858531.0,-2.064,,
sh603630,拉芳家化,15.84,37392333.0,-2.941,,
sh603633,徕木股份,8.27,58806621.0,-0.601,,
sh603636,南威软件,11.1,398801221.0,0.543,,
sh603637,镇海股份,17.92,87301701.0,-1.267,,
sh603638,艾迪精密,25.65,98409605.0,0.391,,
sh603639,海利尔,12.07,15852750.0,-1.308,,
sh603648,畅联股份,10.12,18006084.0,-1.172,,
sh603650,彤程新材,56.38,435676199.0,-1.691,,
sh603655,朗博科技,45.03,210556473.0,-3.473,,
sh603656,泰禾智能,19.84,27971234.0,-0.402,,
sh603657,春光科技,34.59,155352196.0,-2.316,,
sh603658,安图生物,34.85,37758451.0,-0.429,,
sh603659,璞泰来,33.07,958648603.0,-1.899,,
sh603660,苏州科达,13.76,276129093.0,-0.578,,
sh603661,恒林股份,29.63,10407167.0,-0.637,,
sh603662,柯力传感,61.33,206600311.0,0.147,,
sh603663,三祥新材,44.59,268000300.0,-1.654,,
sh603665,康隆达,30.62,32438528.0,0.328,,
sh603666,亿嘉和,30.54,125344426.0,-0.196,,
sh603667,五洲新春,80.2,2549843032.0,1.288,,
sh603668,天马科技,12.92,55062751.0,0.937,,
sh603669,灵康药业,4.53,32613602.0,-3.205,,
sh603676,卫信康,10.46,9688002.0,-1.134,,
sh603677,奇精机械,15.99,10762261.0,-0.868,,
sh603678,火炬电子,33.88,217403549.0,-1.911,,
sh603679,华体科技,16.11,44367774.0,-0.678,,
sh603680,今创集团,14.92,65030479.0,1.221,,
sh603681,永冠新材,20.38,80750290.0,-0.585,,
sh603682,锦和商管,9.56,162341366.0,10.012,,
sh603683,晶华新材,28.05,104267841.0,-0.638,,
sh603685,晨丰科技,34.36,66002497.0,-2.025,,
sh603686,福龙马,19.42,189974865.0,-0.969,,
sh603687,大胜达,16.76,271332451.0,-1.412,,
sh603688,石英股份,67.3,1101780684.0,1.051,,
sh603689,皖天然气,8.39,9857351.0,-0.238,,
sh603690,至纯科技,26.87,297890325.0,1.396,,
sh603693,江苏新能,16.06,258755995.0,1.968,,
sh603696,安记食品,15.65,34009821.0,-1.262,,
sh603697,有友食品,10.67,28130346.0,-0.466,,
sh603698,航天工程,42.58,762415262.0,-4.121,,
sh603699,纽威股份,64.34,120197038.0,-2.1,,
sh603700,宁水集团,12.46,25384194.0,-1.735,,
sh603701,德宏股份,26.03,81101378.0,0.038,,
sh603703,盛洋科技,14.61,85722516.0,-0.747,,
sh603706,东方环宇,22.56,13554900.0,-0.177,,
sh603707,健友股份,9.11,29737563.0,-0.763,,
sh603708,家家悦,10.38,26250191.0,-1.143,,
sh603709,中源家居,19.88,35797313.0,0.914,,
sh603711,香飘飘,14.79,52214931.0,1.163,,
sh603712,七一二,16.44,80067913.0,-1.616,,
sh603713,密尔克卫,57.09,39498381.0,-1.263,,
sh603716,塞力医疗,21.41,102460734.0,0.706,,
sh603717,天域生物,7.58,54132669.0,-1.044,,
sh603718,*ST海利,3.84,67866829.0,0.0,,
sh603719,良品铺子,10.99,21285441.0,-1.346,,
sh603721,*ST天择,25.61,33176605.0,-1.158,,
sh603722,阿科力,39.63,21337530.0,-1.295,,
sh603725,天安新材,10.03,25618500.0,-2.621,,
sh603726,朗迪集团,26.9,83250234.0,0.9,,
sh603727,博迈科,17.26,29810660.0,-1.932,,
sh603728,鸣志电器,63.72,297300170.0,-0.297,,
sh603729,ST龙韵,14.35,58936474.0,0.28,,
sh603730,岱美股份,10.97,238217337.0,-3.518,,
sh603733,仙鹤股份,21.7,18982762.0,-0.641,,
sh603737,三棵树,46.45,117074080.0,1.331,,
sh603738,泰晶科技,52.44,2528665752.0,1.412,,
sh603739,蔚蓝生物,14.96,25579543.0,-2.094,,
sh603755,日辰股份,28.53,14355831.0,-1.858,,
sh603757,大元泵业,59.14,855041612.0,-2.167,,
sh603758,秦安股份,13.36,71020537.0,0.678,,
sh603759,海天股份,9.16,12328766.0,-0.543,,
sh603766,隆鑫通用,15.36,128031053.0,2.196,,
sh603767,中马传动,19.9,79618980.0,-2.115,,
sh603768,常青股份,12.12,17376427.0,0.331,,
sh603773,沃格光电,82.45,2082917494.0,3.024,,
sh603776,永安行,21.7,143825941.0,5.699,,
sh603777,来伊份,18.77,102236937.0,1.295,,
sh603778,国晟科技,22.21,1044952121.0,-8.563,,
sh603779,威龙股份,7.45,0.0,0.0,,
sh603786,科博达,56.08,78437971.0,-1.181,,
sh603787,新日股份,11.94,18983075.0,-0.666,,
sh603788,宁波高发,16.84,28355155.0,-0.766,,
sh603789,*ST星农,5.97,13514731.0,-1.97,,
sh603790,雅运股份,26.0,35663508.0,-0.345,,
sh603797,联泰环保,4.91,10181175.0,0.204,,
sh603798,康普顿,19.26,263232705.0,5.246,,
sh603799,华友钴业,63.95,2620052689.0,-1.373,,
sh603800,洪田股份,56.47,260201118.0,1.128,,
sh603801,志邦家居,9.03,21550009.0,2.965,,
sh603803,瑞斯康达,17.0,671924402.0,2.348,,
sh603806,福斯特,19.2,556011331.0,-0.052,,
sh603808,歌力思,10.59,32507710.0,-0.563,,
sh603809,豪能股份,11.48,62514211.0,-0.692,,
sh603810,丰山集团,15.37,12308339.0,-1.977,,
sh603811,诚意药业,12.08,51326683.0,-1.868,,
sh603813,*ST原尚,39.09,13338860.0,-2.226,,
sh603815,交建股份,7.27,76457819.0,-0.411,,
sh603816,顾家家居,32.38,123894581.0,2.598,,
sh603817,海峡环保,7.24,39482829.0,-0.686,,
sh603818,曲美家居,3.83,26019768.0,-0.777,,
sh603819,神力股份,15.23,59377177.0,0.396,,
sh603822,ST嘉澳,71.48,55237149.0,-2.576,,
sh603823,百合花,18.59,103942894.0,2.821,,
sh603825,ST华扬,8.84,9549268.0,1.144,,
sh603826,坤彩科技,35.1,168294016.0,1.71,,
sh603828,*ST利达,5.77,63036673.0,-0.859,,
sh603829,洛凯股份,29.25,66525853.0,-0.102,,
sh603833,欧派家居,49.08,58567432.0,1.196,,
sh603836,海程邦达,14.27,19479553.0,0.0,,
sh603838,*ST四通,9.51,3520906.0,-0.523,,
sh603839,安正时尚,8.08,14013226.0,0.373,,
sh603843,*ST正平,9.46,176448165.0,0.853,,
sh603848,好太太,17.78,82648358.0,-0.947,,
sh603855,华荣股份,18.79,24427480.0,-0.424,,
sh603856,东宏股份,12.85,29228644.0,-1.381,,
sh603858,步长制药,16.68,63871782.0,-0.18,,
sh603859,能科科技,40.93,119196169.0,-2.385,,
sh603860,中公高科,32.64,15424215.0,-0.73,,
sh603861,白云电器,16.83,193105309.0,0.598,,
sh603863,松炀资源,19.25,70068527.0,-0.414,,
sh603866,桃李面包,4.97,19638628.0,-0.798,,
sh603867,新化股份,36.99,129691875.0,-2.065,,
sh603868,飞科电器,38.1,47827173.0,-0.988,,
sh603869,ST智知,11.08,9016874.0,0.362,,
sh603871,嘉友国际,12.72,71190845.0,0.079,,
sh603876,鼎胜新材,28.31,1170606682.0,-8.084,,
sh603877,太平鸟,14.05,11049738.0,-1.195,,
sh603878,武进不锈,8.35,81061538.0,0.0,,
sh603879,永悦科技,6.0,18921627.0,-0.166,,
sh603880,南卫股份,7.97,36007222.0,0.126,,
sh603881,数据港,40.72,2078614503.0,-3.758,,
sh603882,金域医学,27.34,117163570.0,-3.05,,
sh603883,老百姓,13.63,69110380.0,-1.659,,
sh603885,吉祥航空,11.74,155105281.0,2.176,,
sh603886,元祖股份,12.21,13864528.0,-0.732,,
sh603887,城地香江,14.34,212817279.0,-3.564,,
sh603888,新华网,20.69,84919904.0,-1.194,,
sh603889,新澳股份,8.73,49458295.0,0.576,,
sh603890,春秋电子,20.0,328689260.0,-2.676,,
sh603893,瑞芯微,181.1,622306426.0,-0.887,,
sh603895,天永智能,36.5,158441817.0,10.006,,
sh603896,寿仙谷,17.31,13897233.0,-1.311,,
sh603897,长城科技,58.21,463276199.0,4.319,,
sh603898,好莱客,12.89,16220540.0,-2.348,,
sh603899,晨光股份,24.72,29463334.0,-0.403,,
sh603900,莱绅通灵,7.78,35042305.0,-1.643,,
sh603901,永创智能,12.9,73316853.0,0.0,,
sh603903,中持股份,12.29,48171043.0,-2.692,,
sh603906,龙蟠科技,29.35,641026602.0,-2.492,,
sh603908,牧高笛,23.96,15007311.0,-1.723,,
sh603909,建发合诚,12.25,21232306.0,-1.289,,
sh603912,佳力图,11.35,127286968.0,-1.39,,
sh603915,国茂股份,17.41,123473549.0,-1.749,,
sh603916,苏博特,14.47,370655612.0,8.308,,
sh603917,合力科技,12.51,22873175.0,-1.882,,
sh603918,金桥信息,13.59,67108241.0,-1.664,,
sh603919,金徽酒,18.88,53696337.0,-1.82,,
sh603920,世运电路,67.58,3051951316.0,6.964,,
sh603922,ST金鸿顺,15.53,287390279.0,-4.195,,
sh603926,铁流股份,23.47,142914936.0,-0.97,,
sh603927,中科软,16.94,69282562.0,-0.994,,
sh603928,兴业股份,16.07,24576192.0,-1.169,,
sh603929,亚翔集成,189.94,1044965525.0,-7.886,,
sh603931,格林达,44.85,310067552.0,4.424,,
sh603933,睿能科技,26.68,175559381.0,-0.818,,
sh603936,博敏电子,20.38,1192950951.0,0.791,,
sh603937,丽岛新材,16.85,256104550.0,-5.761,,
sh603938,三孚股份,37.53,868484085.0,5.629,,
sh603939,益丰药房,23.15,131750053.0,0.216,,
sh603948,建业股份,26.93,25575083.0,-1.679,,
sh603949,雪龙集团,17.92,32998186.0,-0.994,,
sh603950,长源东谷,77.06,641661948.0,10.007,,
sh603955,大千生态,26.21,30136003.0,1.393,,
sh603956,威派格,5.91,19761833.0,-1.5,,
sh603958,哈森股份,22.74,87743511.0,-1.43,,
sh603959,ST百利,5.18,213754147.0,1.969,,
sh603960,克来机电,23.08,103528733.0,-2.12,,
sh603966,法兰泰克,14.27,62467887.0,-1.246,,
sh603967,中创物流,14.32,44829795.0,-1.105,,
sh603968,醋化股份,12.2,20819993.0,-1.054,,
sh603969,银龙股份,9.51,66068389.0,0.422,,
sh603970,中农立华,12.91,18865722.0,-1.676,,
sh603976,正川股份,21.75,17526839.0,-0.549,,
sh603977,国泰集团,14.33,155432519.0,-2.979,,
sh603978,深圳新星,32.11,624547724.0,4.321,,
sh603979,金诚信,67.73,584297018.0,4.2,,
sh603980,吉华集团,6.32,34407842.0,-1.25,,
sh603982,泉峰汽车,7.8,27960233.0,-1.015,,
sh603983,丸美生物,26.08,34014598.0,-0.268,,
sh603985,恒润股份,26.46,725792857.0,-4.923,,
sh603986,兆易创新,356.71,8072159311.0,-1.497,,
sh603987,康德莱,8.24,22017705.0,-1.08,,
sh603988,中电电机,26.08,69736005.0,-1.212,,
sh603989,艾华集团,21.22,123281423.0,-0.469,,
sh603990,麦迪科技,16.04,113176011.0,-0.804,,
sh603991,至正股份,128.25,239764528.0,0.156,,
sh603992,松霖科技,33.35,42539988.0,-0.269,,
sh603993,洛阳钼业,20.55,4574000780.0,2.699,,
sh603995,甬金股份,20.04,62588415.0,1.468,,
sh603997,继峰股份,13.51,276278273.0,4.729,,
sh603998,方盛制药,11.07,42274799.0,-1.775,,
sh603999,读者传媒,6.72,25690624.0,-1.176,,
sh605001,威奥股份,7.41,17729692.0,-0.537,,
sh605003,众望布艺,29.3,28426088.0,1.349,,
sh605005,合兴股份,19.13,19258166.0,0.315,,
sh605006,山东玻纤,15.85,1395884246.0,-3.117,,
sh605007,五洲特纸,15.25,48652329.0,-1.74,,
sh605008,长鸿高科,12.25,30548007.0,-0.97,,
sh605009,豪悦护理,28.48,21567682.0,-1.623,,
sh605011,杭州热电,23.06,151537976.0,1.945,,
sh605016,百龙创园,27.55,53196390.0,-1.502,,
sh605018,长华集团,13.12,24543010.0,-0.304,,
sh605020,永和股份,28.47,322103759.0,1.137,,
sh605028,世茂能源,27.03,24225794.0,-1.566,,
sh605033,美邦股份,23.93,91367976.0,2.396,,
sh605050,福然德,12.53,25293349.0,-0.949,,
sh605055,迎丰股份,13.44,289932015.0,2.439,,
sh605056,咸亨国际,24.89,161579732.0,-3.227,,
sh605058,澳弘电子,38.47,67194631.0,-1.41,,
sh605060,联德股份,61.93,186486835.0,-1.589,,
sh605066,天正电气,7.91,38549932.0,-0.126,,
sh605068,明新旭腾,29.19,87942384.0,4.287,,
sh605069,正和生态,15.69,58544954.0,-1.196,,
sh605077,华康股份,19.03,194345007.0,0.422,,
sh605080,浙江自然,27.0,46565524.0,-2.351,,
sh605081,*ST太和,5.03,0.0,0.0,,
sh605086,龙高股份,31.88,115780280.0,-4.893,,
sh605088,冠盛股份,38.92,154681649.0,2.827,,
sh605089,味知香,24.04,19700820.0,-1.757,,
sh605090,九丰能源,45.85,1144575166.0,-3.676,,
sh605098,行动教育,64.14,80175306.0,4.327,,
sh605099,共创草坪,50.87,103114208.0,-1.031,,
sh605100,华丰股份,52.51,68309440.0,-1.055,,
sh605108,同庆楼,15.16,19496517.0,-1.238,,
sh605111,新洁能,48.95,1161713605.0,3.972,,
sh605116,奥锐特,22.28,42640125.0,-1.503,,
sh605117,德业股份,161.46,778865786.0,-0.068,,
sh605118,力鼎光电,45.87,85731575.0,-2.196,,
sh605122,四方新材,14.75,28860796.0,-1.928,,
sh605123,派克新材,116.7,257231255.0,-1.477,,
sh605128,上海沿浦,34.46,48692385.0,-1.261,,
sh605133,嵘泰股份,38.78,434072644.0,-0.691,,
sh605136,丽人丽妆,10.98,30772890.0,-0.813,,
sh605138,盛泰集团,7.9,36328721.0,-2.228,,
sh605151,西上海,22.64,42634282.0,-2.33,,
sh605155,西大门,17.56,39997652.0,1.738,,
sh605158,华达新材,8.03,85668157.0,0.753,,
sh605162,新中港,11.79,88541507.0,0.942,,
sh605166,聚合顺,11.51,27189317.0,-1.286,,
sh605167,利柏特,19.18,64074796.0,-3.082,,
sh605168,三人行,54.53,523982259.0,0.239,,
sh605169,洪通燃气,13.26,55916501.0,-0.749,,
sh605177,东亚药业,21.51,23208445.0,0.14,,
sh605178,时空科技,71.78,160754538.0,-3.522,,
sh605179,一鸣食品,16.64,29496848.0,-1.829,,
sh605180,华生科技,15.74,10904102.0,-0.569,,
sh605183,确成股份,16.81,22312207.0,-1.408,,
sh605186,健麾信息,23.31,343297711.0,4.109,,
sh605188,国光连锁,15.41,40626906.0,-1.91,,
sh605189,富春染织,19.45,340513424.0,-2.604,,
sh605196,华通线缆,42.06,338282976.0,0.334,,
sh605198,安德利,51.76,133742385.0,7.208,,
sh605199,ST葫芦娃,6.66,5533157.0,0.604,,
sh605208,永茂泰,15.05,213228653.0,6.889,,
sh605218,伟时电子,18.25,25853899.0,-1.298,,
sh605222,起帆电缆,42.19,551040585.0,3.104,,
sh605228,神通科技,14.95,49859229.0,-0.333,,
sh605255,天普股份,121.8,331037279.0,7.379,,
sh605258,协和电子,38.35,69545224.0,-1.641,,
sh605259,绿田机械,19.35,12843488.0,-1.175,,
sh605266,健之佳,20.17,16147766.0,-1.417,,
sh605268,王力安防,12.3,79725631.0,0.737,,
sh605277,新亚电子,24.17,74498254.0,-0.124,,
sh605286,同力天启,40.92,61182104.0,-2.011,,
sh605287,德才股份,56.03,436836952.0,-10.006,,
sh605288,凯迪股份,84.16,30769655.0,-0.497,,
sh605289,罗曼股份,162.99,371444852.0,-3.086,,
sh605296,神农集团,30.0,53433280.0,-1.929,,
sh605298,必得科技,56.8,85848641.0,-0.873,,
sh605299,舒华体育,24.8,470770524.0,-0.998,,
sh605300,佳禾食品,10.84,16629226.0,-1.365,,
sh605303,园林股份,25.33,71091266.0,-1.132,,
sh605305,中际联合,44.48,165965460.0,-3.304,,
sh605318,法狮龙,93.66,103065381.0,-1.576,,
sh605319,无锡振华,26.04,87591962.0,-2.216,,
sh605333,沪光股份,23.87,28520826.0,-1.648,,
sh605336,*ST帅电,18.5,34546338.0,-1.228,,
sh605337,李子园,10.65,20228410.0,-1.389,,
sh605338,巴比食品,22.79,25292114.0,-1.555,,
sh605339,南侨食品,16.31,22874114.0,-0.549,,
sh605358,立昂微,50.89,1361263891.0,1.496,,
sh605365,立达信,28.66,110372142.0,-1.206,,
sh605366,宏柏新材,12.16,205183363.0,0.247,,
sh605368,蓝天燃气,7.63,8779820.0,-0.522,,
sh605369,拱东医疗,21.26,76891544.0,1.286,,
sh605376,博迁新材,135.6,563528731.0,-1.711,,
sh605377,华旺科技,9.98,30631435.0,-0.894,,
sh605378,野马电池,19.32,38576661.0,-3.4,,
sh605388,均瑶健康,7.06,35731867.0,-1.671,,
sh605389,长龄液压,106.75,429671862.0,-7.496,,
sh605398,新炬网络,27.9,36495671.0,-1.134,,
sh605399,晨光新材,14.02,24549822.0,-1.476,,
sh605488,福莱新材,36.5,160382446.0,0.0,,
sh605499,东鹏饮料,194.86,297990447.0,-1.461,,
sh605500,森林包装,9.39,25453314.0,0.107,,
sh605507,国邦医药,23.3,20228148.0,-1.313,,
sh605555,德昌股份,16.22,59973421.0,-1.757,,
sh605566,福莱蒽特,34.76,111387617.0,-2.715,,
sh605567,春雪食品,11.09,15398754.0,-1.335,,
sh605577,龙版传媒,11.7,21973036.0,-1.182,,
sh605580,恒盛能源,22.39,136357388.0,3.085,,
sh605588,冠石科技,58.01,39622375.0,-0.821,,
sh605589,圣泉集团,37.66,672638735.0,-0.502,,
sh605598,上海港湾,58.11,345122234.0,-2.336,,
sh605599,菜百股份,17.91,64511673.0,-1.755,,
sh688001,华兴源创,60.68,453195792.0,-1.573,,
sh688002,睿创微纳,146.76,519252494.0,1.529,,
sh688003,天准科技,78.44,182634880.0,1.449,,
sh688004,博汇科技,24.3,15929577.0,-1.26,,
sh688005,容百科技,37.94,600197283.0,-0.785,,
sh688006,杭可科技,34.35,272510928.0,1.298,,
sh688007,光峰科技,15.2,111721313.0,-3.061,,
sh688008,澜起科技,241.65,13632254718.0,-3.037,,
sh688009,中国通号,5.15,108556368.0,0.586,,
sh688010,福光股份,34.71,108168082.0,-1.027,,
sh688011,新光光电,65.48,63015117.0,-1.682,,
sh688012,中微公司,390.49,4254220031.0,1.786,,
sh688013,天臣医疗,34.69,31161279.0,-2.392,,
sh688015,交控科技,21.72,14628607.0,-0.731,,
sh688016,心脉医疗,104.0,85390580.0,-1.141,,
sh688017,绿的谐波,271.22,1650194849.0,0.081,,
sh688018,乐鑫科技,176.65,376439104.0,-0.017,,
sh688019,安集科技,271.0,746673089.0,0.296,,
sh688020,方邦股份,152.81,486475833.0,-3.59,,
sh688021,奥福科技,29.42,42482851.0,-1.835,,
sh688022,ST瀚川,10.03,88123475.0,-4.294,,
sh688023,安恒信息,45.97,65669924.0,-1.983,,
sh688025,杰普特,361.0,825308179.0,-3.744,,
sh688026,洁特生物,16.42,13089150.0,-1.559,,
sh688027,XD国盾量,609.21,835117346.0,-2.289,,
sh688028,沃尔德,123.69,383491229.0,-2.759,,
sh688029,南微医学,84.7,51334583.0,0.618,,
sh688030,山石网科,16.7,24719220.0,-1.938,,
sh688031,星环科技,140.0,532332658.0,-2.683,,
sh688032,禾迈股份,113.58,138208359.0,-1.611,,
sh688033,*ST天宜,8.62,88368921.0,2.497,,
sh688035,德邦科技,79.89,408144309.0,-4.174,,
sh688036,传音控股,58.65,276570017.0,-1.113,,
sh688037,芯源微,274.95,2479624218.0,16.268,,
sh688038,中科通达,20.72,27912002.0,-1.708,,
sh688039,当虹科技,44.87,32212847.0,-1.493,,
sh688041,海光信息,351.07,7466465039.0,0.541,,
sh688045,必易微,65.49,90635677.0,-1.888,,
sh688046,药康生物,21.17,69537971.0,-2.89,,
sh688047,龙芯中科,179.33,1453343602.0,0.128,,
sh688048,长光华芯,434.99,3216791503.0,0.39,,
sh688049,炬芯科技,50.03,156479196.0,-0.319,,
sh688050,爱博医疗,50.53,54239019.0,-1.463,,
sh688051,佳华科技,46.27,56493204.0,0.587,,
sh688052,纳芯微,221.78,534716725.0,-2.062,,
sh688053,ST思科瑞,42.65,29861132.0,-0.883,,
sh688055,龙腾光电,4.83,118386763.0,3.648,,
sh688056,莱伯泰科,35.76,17439122.0,-2.508,,
sh688057,金达莱,12.48,15879425.0,-1.732,,
sh688058,宝兰德,30.13,12499217.0,-0.725,,
sh688059,华锐精密,146.59,240667338.0,1.229,,
sh688060,云涌科技,47.27,13122955.0,-1.603,,
sh688061,灿瑞科技,38.9,43774527.0,-1.269,,
sh688062,迈威生物,36.77,143837305.0,-1.156,,
sh688063,派能科技,78.5,351775650.0,-0.884,,
sh688065,凯赛生物,47.14,99928374.0,-1.381,,
sh688066,*ST航图,14.23,147036520.0,-1.522,,
sh688067,爱威科技,28.84,16458163.0,-0.859,,
sh688068,热景生物,111.8,151448768.0,-1.792,,
sh688069,德林海,55.31,163398314.0,0.655,,
sh688070,纵横股份,46.0,46471883.0,-2.169,,
sh688071,华依科技,34.04,27794198.0,-1.047,,
sh688072,拓荆科技,507.6,1284489306.0,0.678,,
sh688073,毕得医药,60.22,33428199.0,-0.496,,
sh688075,安旭生物,37.6,8978702.0,-1.956,,
sh688076,ST诺泰,33.1,72275240.0,2.035,,
sh688077,大地熊,31.6,67308678.0,-3.482,,
sh688078,龙软科技,27.07,12379480.0,-1.06,,
sh688079,美迪凯,16.68,84696880.0,-0.832,,
sh688080,映翰通,45.8,32713895.0,-1.208,,
sh688081,兴图新科,55.4,82954475.0,-3.113,,
sh688082,盛美上海,173.5,1074917137.0,4.373,,
sh688083,中望软件,58.3,107863830.0,-1.052,,
sh688084,晶品特装,66.44,97978043.0,-3.696,,
sh688085,三友医疗,19.21,40654666.0,0.104,,
sh688087,英科再生,43.81,58754654.0,-1.395,,
sh688088,虹软科技,43.04,149760779.0,-1.959,,
sh688089,嘉必优,16.09,32553232.0,0.249,,
sh688090,瑞松科技,92.41,233482294.0,3.483,,
sh688091,上海谊众,64.88,198581075.0,0.093,,
sh688092,爱科科技,29.96,24240789.0,0.301,,
sh688093,世华科技,31.76,56406304.0,-2.096,,
sh688095,福昕软件,79.49,121882969.0,-2.966,,
sh688096,京源环保,11.64,214012772.0,6.691,,
sh688097,博众精工,60.57,238441499.0,-2.933,,
sh688098,申联生物,8.85,12965089.0,-1.228,,
sh688099,晶晨股份,115.0,1179198966.0,1.689,,
sh688100,威胜信息,38.26,64687213.0,-0.365,,
sh688101,XD三达膜,20.12,67606264.0,-1.614,,
sh688102,斯瑞新材,46.21,828663217.0,-2.428,,
sh688103,国力电子,63.09,73502963.0,-1.714,,
sh688105,诺唯赞,20.44,27890187.0,-2.62,,
sh688106,金宏气体,30.74,989201954.0,-6.252,,
sh688107,安路科技,39.48,296374989.0,0.714,,
sh688108,赛诺医疗,21.96,91466825.0,-0.498,,
sh688109,品茗科技,91.96,79655995.0,-1.763,,
sh688110,东芯股份,158.83,2399503428.0,-3.914,,
sh688111,金山办公,265.13,1469473442.0,-2.851,,
sh688112,鼎阳科技,58.49,178428140.0,-4.615,,
sh688113,联测科技,44.17,25848064.0,-2.538,,
sh688114,华大智造,52.22,129638463.0,-2.81,,
sh688115,思林杰,57.47,77907471.0,-4.36,,
sh688116,天奈科技,41.08,239678456.0,-2.353,,
sh688117,圣诺生物,38.47,171934560.0,4.255,,
sh688118,普元信息,28.2,51497644.0,-2.591,,
sh688119,中钢洛耐,5.35,46930269.0,-1.654,,
sh688120,华海清科,225.7,1514256473.0,9.092,,
sh688121,卓然股份,6.48,0.0,0.0,,
sh688122,西部超导,67.15,478283437.0,-2.057,,
sh688123,聚辰股份,158.22,1760195140.0,4.415,,
sh688125,安达智能,206.02,101976689.0,-2.867,,
sh688126,沪硅产业,26.3,2681460100.0,8.723,,
sh688127,蓝特光学,88.12,534326676.0,-1.144,,
sh688128,中国电研,27.06,31411512.0,-0.624,,
sh688129,东来技术,29.3,11870143.0,-1.612,,
sh688130,晶华微,27.14,40563809.0,-2.724,,
sh688131,皓元医药,73.3,216164889.0,2.546,,
sh688132,邦彦技术,18.13,14754239.0,-1.521,,
sh688133,泰坦科技,22.42,24201910.0,-1.968,,
sh688135,利扬芯片,38.3,295331552.0,-1.39,,
sh688136,科兴制药,26.36,52507262.0,-0.528,,
sh688137,近岸蛋白,52.55,39900364.0,-2.468,,
sh688138,清溢光电,32.77,107718775.0,-1.206,,
sh688139,海尔生物,33.1,52894126.0,-1.165,,
sh688141,杰华特,108.89,1115713619.0,4.111,,
sh688143,长盈通,74.0,574783695.0,3.352,,
sh688146,中船特气,98.51,1640575056.0,2.818,,
sh688147,微导纳米,82.76,287050315.0,-0.229,,
sh688148,芳源股份,10.52,134719672.0,-2.412,,
sh688150,莱特光电,54.36,421598541.0,-1.718,,
sh688151,华强科技,20.48,16007021.0,-0.631,,
sh688152,麒麟信安,39.65,74214164.0,2.587,,
sh688153,唯捷创芯,33.31,67481159.0,-0.745,,
sh688155,先惠技术,102.03,170494360.0,-1.515,,
sh688156,路德科技,27.83,56083592.0,1.2,,
sh688157,松井股份,35.34,38705517.0,-2.268,,
sh688158,优刻得,49.17,1036940907.0,-2.44,,
sh688159,有方科技,54.08,262636354.0,-4.553,,
sh688160,步科股份,124.48,393220937.0,3.004,,
sh688161,威高骨科,28.5,23681968.0,-2.028,,
sh688162,巨一科技,32.49,28938089.0,-1.276,,
sh688163,赛伦生物,37.74,50046231.0,-3.454,,
sh688165,埃夫特,19.55,92833939.0,0.825,,
sh688166,博瑞医药,66.2,545994930.0,2.05,,
sh688167,炬光科技,469.98,1910870598.0,-1.698,,
sh688168,安博通,88.04,76568551.0,-1.763,,
sh688169,石头科技,116.4,490745447.0,-2.496,,
sh688170,德龙激光,64.88,205198479.0,-2.421,,
sh688171,纬德信息,57.93,69497211.0,1.632,,
sh688172,燕东微,48.45,324541272.0,0.311,,
sh688173,希荻微,18.53,123466933.0,-0.962,,
sh688175,高凌信息,36.19,23412370.0,-0.495,,
sh688176,亚虹医药,13.11,68810315.0,-0.456,,
sh688177,百奥泰,20.49,49009521.0,0.688,,
sh688178,万德斯,37.02,45547790.0,-2.579,,
sh688179,阿拉丁,23.44,147599042.0,2.135,,
sh688180,君实生物,41.76,341252438.0,-0.76,,
sh688181,八亿时空,37.14,93699391.0,0.054,,
sh688182,灿勤科技,35.18,209480238.0,-1.041,,
sh688183,生益电子,102.67,1612939945.0,-2.719,,
sh688184,ST帕瓦,13.83,23799485.0,-2.399,,
sh688185,康希诺,65.48,104098645.0,-3.279,,
sh688186,广大特材,20.99,90915376.0,-1.409,,
sh688187,时代电气,49.71,233420549.0,0.873,,
sh688188,柏楚电子,162.19,441549484.0,2.516,,
sh688189,南新制药,10.88,282275798.0,3.128,,
sh688190,云路股份,86.63,60456679.0,-1.062,,
sh688191,智洋创新,53.46,258840178.0,3.125,,
sh688192,迪哲医药,57.14,89297801.0,0.21,,
sh688193,仁度生物,0.0,0.0,0.0,,
sh688195,腾景科技,371.0,1736518641.0,-1.225,,
sh688196,卓越新能,51.1,40937824.0,-2.332,,
sh688197,首药控股,43.34,35275898.0,-1.028,,
sh688198,佰仁医疗,98.43,25325769.0,0.541,,
sh688199,久日新材,28.62,53131094.0,-1.037,,
sh688200,华峰测控,381.12,668774729.0,3.692,,
sh688201,ST信安,8.96,33035291.0,2.05,,
sh688202,美迪西,66.38,240186158.0,2.155,,
sh688203,海正生材,14.22,29258701.0,-0.837,,
sh688205,德科立,281.31,3687236369.0,4.623,,
sh688206,概伦电子,36.88,179153427.0,2.587,,
sh688207,格灵深瞳,16.93,76939972.0,1.621,,
sh688208,道通科技,38.92,840404127.0,4.624,,
sh688209,英集芯,25.75,422884322.0,4.251,,
sh688210,统联精密,48.49,127844281.0,-3.694,,
sh688211,中科微至,36.66,27453601.0,-2.552,,
sh688212,澳华内镜,36.29,36776144.0,-0.357,,
sh688213,思特威,98.2,1282486668.0,6.427,,
sh688215,瑞晟智能,75.21,25026785.0,-1.377,,
sh688216,气派科技,35.34,128018651.0,1.116,,
sh688217,睿昂基因,29.81,14313991.0,-2.518,,
sh688218,江苏北人,40.7,176929444.0,0.993,,
sh688219,会通股份,11.61,38997874.0,-1.443,,
sh688220,翱捷科技,110.03,714246784.0,2.078,,
sh688221,前沿生物,24.94,486095525.0,2.213,,
sh688222,成都先导,29.07,584485217.0,5.786,,
sh688223,晶科能源,7.37,885890202.0,-0.136,,
sh688225,亚信安全,16.92,28421484.0,-0.177,,
sh688226,威腾电气,59.83,313434762.0,2.449,,
sh688227,品高股份,112.9,695614016.0,-3.032,,
sh688228,开普云,109.47,95299129.0,-1.556,,
sh688229,博睿数据,102.48,227628161.0,1.065,,
sh688230,芯导科技,74.43,73670432.0,-0.013,,
sh688231,隆达股份,39.52,121506071.0,-5.16,,
sh688232,新点软件,22.95,24463546.0,-1.248,,
sh688233,神工股份,92.72,412023009.0,-2.091,,
sh688234,天岳先进,128.8,1437100042.0,2.834,,
sh688235,百济神州,259.12,607369393.0,-1.129,,
sh688236,春立医疗,17.69,24063699.0,-2.909,,
sh688237,超卓航科,51.98,47975674.0,-3.491,,
sh688238,和元生物,6.77,43957705.0,-0.295,,
sh688239,航宇科技,70.83,270040767.0,-1.68,,
sh688244,永信至诚,20.05,19485331.0,-1.716,,
sh688246,嘉和美康,23.86,71939518.0,0.76,,
sh688247,宣泰医药,9.52,6392414.0,-1.142,,
sh688248,南网科技,64.81,247578037.0,2.402,,
sh688249,晶合集成,36.66,811574997.0,1.692,,
sh688251,井松智能,30.56,41023297.0,-1.578,,
sh688252,天德钰,23.94,120153263.0,0.631,,
sh688253,英诺特,53.49,61755675.0,1.364,,
sh688255,凯尔达,31.99,34593568.0,-0.99,,
sh688256,寒武纪,1269.9,13452716827.0,5.825,,
sh688257,新锐股份,72.3,288843119.0,-0.138,,
sh688258,卓易信息,138.32,717820341.0,-6.338,,
sh688259,创耀科技,39.55,36296237.0,-0.877,,
sh688260,昀冢科技,52.28,424392420.0,3.137,,
sh688261,东微半导,81.3,240299956.0,2.924,,
sh688262,国芯科技,40.1,565557014.0,-2.528,,
sh688265,南模生物,41.21,12413388.0,-3.172,,
sh688266,泽璟制药,108.54,274095578.0,3.097,,
sh688267,中触媒,30.98,45195596.0,-2.302,,
sh688268,华特气体,169.05,984134843.0,-8.225,,
sh688269,凯立新材,42.2,33240305.0,-1.402,,
sh688270,ST臻镭,151.18,1148884459.0,0.398,,
sh688271,联影医疗,114.38,356603606.0,-1.87,,
sh688272,富吉瑞,47.22,122131384.0,5.78,,
sh688273,麦澜德,44.56,28356499.0,-1.807,,
sh688275,万润新能,160.56,867622512.0,6.113,,
sh688276,百克生物,18.58,25538511.0,-2.518,,
sh688277,天智航,18.96,113593265.0,-3.903,,
sh688278,特宝生物,58.99,173332257.0,1.445,,
sh688279,峰岹科技,227.39,144447163.0,-0.932,,
sh688280,精进电动,6.72,141107101.0,-4.41,,
sh688281,华秦科技,78.22,133865396.0,-2.493,,
sh688282,理工导航,88.32,257406226.0,-11.013,,
sh688283,坤恒顺维,47.27,76040847.0,-1.623,,
sh688285,高铁电气,9.51,21223167.0,-0.938,,
sh688286,敏芯股份,71.49,58038161.0,-1.12,,
sh688287,*ST观典,0.93,0.0,0.0,,
sh688288,鸿泉技术,24.68,33501222.0,-0.202,,
sh688289,圣湘生物,18.38,98560566.0,-3.568,,
sh688290,景业智能,66.51,72095543.0,-0.06,,
sh688291,XD金橙子,48.11,56926440.0,-1.595,,
sh688292,浩瀚深度,24.79,48656646.0,0.609,,
sh688293,奥浦迈,48.85,85728507.0,-6.13,,
sh688295,中复神鹰,59.58,708954760.0,-4.824,,
sh688296,和达科技,16.19,16795047.0,-1.1,,
sh688297,中无人机,46.16,178903730.0,-1.808,,
sh688298,东方生物,24.88,124642065.0,-5.65,,
sh688299,长阳科技,19.34,76273645.0,-1.276,,
sh688300,联瑞新材,105.76,787910444.0,10.063,,
sh688301,奕瑞科技,113.73,173678928.0,-0.699,,
sh688302,海创药业,45.78,31148112.0,0.153,,
sh688303,大全能源,22.81,211737163.0,-0.523,,
sh688305,科德数控,64.36,76192081.0,-1.288,,
sh688306,均普智能,9.81,100482479.0,-1.802,,
sh688307,中润光学,112.8,370704537.0,1.998,,
sh688308,欧科亿,97.97,627502300.0,-0.609,,
sh688309,恒誉环保,80.29,286164506.0,-7.755,,
sh688310,迈得医疗,17.6,40837637.0,-0.733,,
sh688311,盟升电子,36.23,97493691.0,-3.154,,
sh688312,燕麦科技,81.87,312826132.0,-0.037,,
sh688313,仕佳光子,185.32,3185227798.0,3.763,,
sh688314,康拓医疗,44.33,37706078.0,-3.315,,
sh688315,诺禾致源,15.73,52031065.0,-1.688,,
sh688316,青云科技,76.68,119243499.0,-1.427,,
sh688317,之江生物,20.63,52546741.0,-3.823,,
sh688318,财富趋势,121.7,228459948.0,-0.556,,
sh688319,欧林生物,37.18,291222061.0,3.249,,
sh688320,禾川科技,37.59,96728680.0,-2.033,,
sh688321,微芯生物,31.32,148419572.0,-0.255,,
sh688322,奥比中光,86.51,433684414.0,-0.769,,
sh688323,瑞华泰,26.43,163751798.0,-3.961,,
sh688325,赛微微电,123.99,92700086.0,-1.093,,
sh688326,经纬恒润,89.83,90409156.0,-0.905,,
sh688327,云从科技,14.17,244391369.0,-1.46,,
sh688328,深科达,68.58,483142871.0,-2.461,,
sh688329,艾隆科技,24.75,18445824.0,-1.786,,
sh688330,宏力达,40.75,41925740.0,-1.236,,
sh688331,荣昌生物,124.74,673556743.0,0.088,,
sh688332,中科蓝讯,127.17,547874406.0,6.329,,
sh688333,铂力特,95.34,734700870.0,-0.873,,
sh688334,西高院,21.94,53773190.0,1.246,,
sh688335,复洁科技,29.65,75744876.0,-4.107,,
sh688336,三生国健,73.06,172609418.0,-0.949,,
sh688337,普源精电,60.34,164196612.0,-2.567,,
sh688338,赛科希德,29.26,39924526.0,-3.177,,
sh688339,亿华通,26.38,87779372.0,0.764,,
sh688343,云天励飞,85.13,766891558.0,-1.287,,
sh688345,博力威,51.11,86946201.0,-5.352,,
sh688347,华虹公司,164.33,1721115986.0,-0.049,,
sh688348,昱能科技,51.93,78923025.0,-0.231,,
sh688349,三一重能,24.7,67024876.0,-0.843,,
sh688350,富淼科技,36.5,371625852.0,-6.602,,
sh688351,微电生理,26.69,266352223.0,4.667,,
sh688352,颀中科技,14.33,243595159.0,3.69,,
sh688353,华盛锂电,103.86,340344224.0,-3.215,,
sh688355,明志科技,23.96,40787534.0,0.125,,
sh688356,键凯科技,93.03,105400065.0,-5.85,,
sh688357,建龙微纳,34.53,35518502.0,-3.547,,
sh688358,祥生医疗,33.67,45289230.0,-3.552,,
sh688359,三孚新科,114.41,195851602.0,-0.253,,
sh688360,德马科技,19.7,29268123.0,-1.892,,
sh688361,中科飞测,200.32,971215202.0,3.391,,
sh688362,甬矽电子,52.07,612759350.0,1.521,,
sh688363,华熙生物,41.29,50547338.0,-1.456,,
sh688365,光云科技,22.37,260106163.0,-0.445,,
sh688366,昊海生科,38.87,13074775.0,-1.893,,
sh688367,工大高科,41.15,69239247.0,-0.604,,
sh688368,晶丰明源,169.21,315061307.0,0.559,,
sh688369,致远互联,25.07,52513945.0,-0.555,,
sh688370,丛麟科技,24.78,14233363.0,-2.441,,
sh688371,菲沃泰,33.76,205661883.0,0.297,,
sh688372,伟测科技,161.58,698683825.0,-0.259,,
sh688373,盟科药业,5.9,27586622.0,-1.667,,
sh688375,国博电子,128.87,406354480.0,-2.74,,
sh688376,美埃科技,74.88,127672416.0,-0.227,,
sh688377,迪威尔,36.69,51398926.0,-2.705,,
sh688378,奥来德,47.37,164577394.0,0.509,,
sh688379,华光新材,76.42,341358407.0,-4.808,,
sh688380,中微半导,50.07,341838498.0,-2.417,,
sh688381,帝奥微,32.03,196338882.0,-1.476,,
sh688382,益方生物,22.52,123067318.0,0.178,,
sh688383,新益昌,104.4,189065175.0,2.463,,
sh688385,复旦微电,74.61,732479249.0,-0.161,,
sh688386,泛亚微透,86.02,98056405.0,-3.01,,
sh688387,信科移动,22.2,1304229351.0,-1.114,,
sh688388,嘉元科技,47.12,684714726.0,-1.464,,
sh688389,普门科技,12.9,19294087.0,-2.05,,
sh688390,固德威,121.53,804950486.0,6.251,,
sh688391,钜泉科技,32.76,27553448.0,-0.697,,
sh688392,骄成超声,163.42,475023104.0,4.255,,
sh688393,安必平,25.0,16342511.0,-1.845,,
sh688395,正弦电气,31.9,74180602.0,-1.482,,
sh688396,华润微,60.98,861249514.0,2.144,,
sh688398,赛特新材,33.46,41328617.0,-2.135,,
sh688399,硕世生物,65.75,145916558.0,-4.378,,
sh688400,凌云光,64.89,671755893.0,-2.348,,
sh688401,路维光电,68.22,248945540.0,-2.529,,
sh688403,汇成股份,18.66,482846191.0,0.054,,
sh688408,中信博,40.0,117110854.0,0.959,,
sh688409,富创精密,127.98,638993428.0,4.133,,
sh688410,山外山,17.19,50818842.0,-0.348,,
sh688411,海博思创,259.31,878834768.0,-3.423,,
sh688416,恒烁股份,126.13,461205974.0,-3.275,,
sh688418,震有科技,52.21,205530581.0,-2.611,,
sh688419,耐科装备,46.5,99994580.0,-1.712,,
sh688420,美腾科技,27.57,22049934.0,-1.886,,
sh688425,铁建重工,4.78,39467701.0,-0.624,,
sh688426,康为世纪,21.67,18168962.0,-1.186,,
sh688428,诺诚健华,26.81,132826281.0,0.337,,
sh688429,时创能源,14.6,21145684.0,-0.613,,
sh688432,有研硅,18.98,289090634.0,-0.367,,
sh688433,华曙高科,91.27,273520090.0,-2.468,,
sh688435,英方软件,42.53,68670515.0,0.734,,
sh688439,振华风光,51.6,76444906.0,-0.578,,
sh688443,智翔金泰,31.46,64396305.0,1.255,,
sh688448,磁谷科技,75.77,63111191.0,-0.29,,
sh688449,联芸科技,66.39,708772314.0,-3.038,,
sh688450,光格科技,49.37,76358509.0,-1.457,,
sh688455,科捷智能,20.53,39289682.0,-0.773,,
sh688456,有研粉材,81.73,368440876.0,0.282,,
sh688458,美芯晟,39.44,32297054.0,-1.277,,
sh688459,哈铁科技,9.12,9425293.0,-1.192,,
sh688466,金科环境,18.55,16901691.0,-2.676,,
sh688468,科美诊断,7.49,10130950.0,-2.092,,
sh688469,芯联集成,7.43,789194691.0,2.909,,
sh688472,阿特斯,15.46,857057517.0,2.52,,
sh688475,萤石网络,30.85,109761878.0,-1.783,,
sh688478,晶升股份,54.62,485833866.0,12.665,,
sh688479,友车科技,43.93,53624218.0,3.927,,
sh688480,赛恩斯,104.31,293530521.0,-7.69,,
sh688484,南芯科技,45.5,321766868.0,-1.728,,
sh688485,九州一轨,62.34,230094146.0,-1.703,,
sh688486,龙迅股份,84.09,120120555.0,0.466,,
sh688488,艾迪药业,17.29,77726457.0,0.465,,
sh688489,三未信安,42.72,16844579.0,-1.18,,
sh688496,*ST清越,3.48,452055.0,-20.0,,
sh688498,源杰科技,1735.41,3732483210.0,6.86,,
sh688499,利元亨,54.83,160881225.0,-1.509,,
sh688500,慧辰股份,47.8,53345468.0,-2.568,,
sh688501,青达环保,23.91,32347173.0,-2.647,,
sh688502,茂莱光学,549.98,631013168.0,1.882,,
sh688503,聚和材料,112.6,550299251.0,-0.177,,
sh688505,复旦张江,8.14,18343546.0,-1.214,,
sh688506,百利天恒,268.69,207058041.0,-2.195,,
sh688507,索辰科技,95.4,78083395.0,-2.504,,
sh688508,芯朋微,90.1,788526160.0,3.444,,
sh688509,正元地信,4.83,56022792.0,3.648,,
sh688510,航亚科技,34.34,154505402.0,-5.995,,
sh688511,天微电子,23.22,57224228.0,-3.691,,
sh688512,慧智微,13.75,101175969.0,0.88,,
sh688513,苑东生物,64.28,48232430.0,-0.618,,
sh688515,裕太微,206.35,795405891.0,-1.995,,
sh688516,奥特维,88.25,1028163660.0,0.341,,
sh688517,金冠电气,23.74,44508887.0,-2.305,,
sh688518,联赢激光,29.41,201980277.0,-1.01,,
sh688519,南亚新材,185.5,637073699.0,-1.014,,
sh688520,神州细胞,44.06,75396972.0,-0.339,,
sh688521,芯原股份,274.38,3523217950.0,2.61,,
sh688522,纳睿雷达,34.66,57423416.0,-1.98,,
sh688523,航天环宇,87.61,603848730.0,-0.736,,
sh688525,佰维存储,310.89,6912561400.0,-1.52,,
sh688526,科前生物,14.83,10351355.0,-1.331,,
sh688528,秦川物联,12.57,14168804.0,-1.566,,
sh688529,豪森智能,20.04,16536368.0,0.805,,
sh688530,欧莱新材,55.69,490739659.0,-6.104,,
sh688531,日联科技,132.27,804854858.0,-1.372,,
sh688533,上声电子,27.64,24964030.0,0.254,,
sh688535,华海诚科,105.39,476034306.0,-0.856,,
sh688536,思瑞浦,288.69,1151254299.0,1.366,,
sh688538,和辉光电,2.35,88396706.0,0.858,,
sh688539,高华科技,42.5,84100000.0,-2.209,,
sh688543,国科军工,62.85,184108803.0,-2.588,,
sh688545,兴福电子,80.95,1910208368.0,7.077,,
sh688548,广钢气体,28.44,404769194.0,-0.385,,
sh688549,中巨芯,12.88,532300627.0,-2.35,,
sh688550,瑞联新材,43.94,109191850.0,2.305,,
sh688551,科威尔,61.71,341784304.0,2.067,,
sh688552,航天南湖,40.08,107856655.0,-2.029,,
sh688553,汇宇制药,20.57,77043136.0,-2.28,,
sh688556,高测股份,15.06,458674329.0,0.0,,
sh688557,兰剑智能,34.72,22509689.0,-1.251,,
sh688558,国盛智科,40.58,80407130.0,-2.311,,
sh688559,海目星,66.54,241551059.0,0.045,,
sh688560,明冠新材,17.56,63532045.0,1.21,,
sh688561,奇安信,31.16,107123960.0,-1.548,,
sh688562,航天软件,19.54,57137344.0,-2.153,,
sh688563,航材股份,60.49,111835850.0,-1.77,,
sh688565,力源科技,13.01,26493472.0,-1.215,,
sh688566,吉贝尔,28.01,21437272.0,-1.512,,
sh688567,孚能科技,13.94,103544559.0,-0.783,,
sh688568,中科星图,63.79,760211256.0,-3.348,,
sh688569,铁科轨道,20.79,7068281.0,0.193,,
sh688570,天玛智控,17.61,8666632.0,-1.067,,
sh688571,杭华股份,9.02,34030778.0,-1.421,,
sh688573,信宇人,23.92,38517377.0,-1.279,,
sh688575,亚辉龙,13.23,30064806.0,-1.121,,
sh688576,西山科技,78.34,21304917.0,0.629,,
sh688577,浙海德曼,77.74,122381743.0,-1.955,,
sh688578,艾力斯,95.32,173438647.0,-1.223,,
sh688579,地纬智能,10.16,27623600.0,-1.646,,
sh688580,伟思医疗,62.33,80566385.0,-3.364,,
sh688581,安杰思,62.96,42969571.0,-1.037,,
sh688582,芯动联科,54.48,170203952.0,-0.584,,
sh688583,思看科技,123.32,79149464.0,-0.307,,
sh688584,上海合晶,28.68,318636031.0,3.017,,
sh688585,上纬新材,140.38,577042009.0,4.918,,
sh688586,江航装备,14.23,55512277.0,-1.93,,
sh688588,凌志软件,12.4,26251272.0,-0.081,,
sh688589,力合微,24.16,41802547.0,-0.984,,
sh688590,新致软件,16.2,70428999.0,2.857,,
sh688591,泰凌微,36.33,94321602.0,-1.035,,
sh688592,司南导航,46.12,21004877.0,-1.893,,
sh688593,新相微,39.99,246874917.0,0.528,,
sh688595,芯海科技,38.09,93236386.0,0.105,,
sh688596,正帆科技,36.25,326002041.0,2.691,,
sh688597,煜邦电力,8.63,21651927.0,-1.259,,
sh688598,金博股份,28.28,176499021.0,-0.563,,
sh688599,天合光能,18.29,493665199.0,1.724,,
sh688600,皖仪科技,28.7,39499001.0,-1.307,,
sh688601,力芯微,61.57,714887364.0,6.155,,
sh688602,康鹏科技,7.83,43544790.0,-2.612,,
sh688603,天承科技,133.0,826915201.0,9.754,,
sh688605,先锋精科,71.03,172629221.0,2.099,,
sh688606,奥泰生物,55.89,22302814.0,-2.136,,
sh688607,康众医疗,65.07,87779910.0,-2.939,,
sh688608,恒玄科技,179.91,461605901.0,-1.527,,
sh688609,九联科技,11.29,178434271.0,-3.339,,
sh688610,埃科光电,134.75,139487962.0,-3.266,,
sh688611,杭州柯林,71.8,64353069.0,4.058,,
sh688612,威迈斯,31.63,97017703.0,0.636,,
sh688613,奥精医疗,20.74,25487639.0,-1.846,,
sh688615,合合信息,144.68,625297903.0,-3.54,,
sh688616,西力科技,14.54,16195852.0,-0.411,,
sh688617,惠泰医疗,236.51,180605620.0,2.363,,
sh688618,三旺通信,45.31,207300295.0,-3.184,,
sh688619,罗普特,16.8,29180347.0,-1.754,,
sh688620,安凯微,13.73,54058759.0,-0.29,,
sh688621,阳光诺和,59.78,56529669.0,-1.092,,
sh688622,*ST禾信,79.01,36326380.0,-3.293,,
sh688623,双元科技,94.98,22518664.0,-0.576,,
sh688625,呈和科技,78.05,217131931.0,-4.852,,
sh688626,翔宇医疗,62.34,65719730.0,-1.563,,
sh688627,精智达,349.24,957161207.0,1.441,,
sh688628,优利德,90.79,125269957.0,-2.481,,
sh688629,华丰科技,137.1,1490654178.0,-1.727,,
sh688630,芯碁微装,270.8,911997963.0,1.64,,
sh688631,莱斯信息,56.83,85588707.0,-3.482,,
sh688633,星球石墨,37.19,150494740.0,-4.371,,
sh688636,智明达,45.1,134112686.0,-2.969,,
sh688638,誉辰智能,44.81,30752445.0,-0.289,,
sh688639,XD华恒生,26.86,76114449.0,-2.997,,
sh688646,ST逸飞,61.24,28449404.0,0.262,,
sh688648,中邮科技,49.37,39391241.0,-1.437,,
sh688651,盛邦安全,42.21,56925716.0,0.884,,
sh688652,京仪装备,139.08,568657648.0,0.252,,
sh688653,康希通信,15.78,91462887.0,-1.805,,
sh688655,迅捷兴,61.5,945518135.0,3.815,,
sh688656,浩欧博,139.37,34279768.0,-2.538,,
sh688657,浩辰软件,54.55,22734343.0,0.147,,
sh688658,悦康药业,22.1,107870570.0,1.005,,
sh688659,元琛科技,12.02,26063286.0,-1.314,,
sh688660,电气风电,12.45,99719235.0,-0.718,,
sh688661,和林微纳,123.5,414685157.0,-4.824,,
sh688662,富信科技,81.34,361750478.0,-3.477,,
sh688663,新风光,74.48,459713162.0,9.901,,
sh688665,四方光电,52.05,16713553.0,-1.885,,
sh688667,菱电电控,161.18,96878635.0,-1.941,,
sh688668,鼎通科技,231.37,816432182.0,0.377,,
sh688669,聚石化学,36.47,64705986.0,0.247,,
sh688670,金迪克,18.9,57669581.0,-5.5,,
sh688671,碧兴物联,25.31,30165071.0,-1.899,,
sh688676,金盘科技,89.01,896575169.0,0.372,,
sh688677,海泰新光,145.59,448455692.0,4.816,,
sh688678,福立旺,25.25,308931776.0,-1.98,,
sh688679,通源环境,61.8,114610668.0,0.032,,
sh688680,海优新材,51.9,139031960.0,2.569,,
sh688681,科汇股份,21.08,24656676.0,-0.707,,
sh688682,霍莱沃,48.61,66186071.0,-4.461,,
sh688683,莱尔科技,44.1,31653847.0,-2.628,,
sh688685,迈信林,53.28,173863277.0,1.351,,
sh688686,奥普特,121.26,127603955.0,-2.21,,
sh688687,凯因科技,20.18,32709358.0,-1.848,,
sh688689,银河微电,40.04,52795730.0,-0.199,,
sh688690,纳微科技,34.34,136494115.0,-1.18,,
sh688691,灿芯股份,122.95,553274676.0,-0.695,,
sh688692,达梦数据,284.9,284886912.0,-0.322,,
sh688693,锴威特,134.67,728329672.0,9.018,,
sh688695,中创股份,25.58,14033944.0,-1.121,,
sh688696,极米科技,94.5,49858424.0,-1.767,,
sh688697,纽威数控,20.53,128994921.0,-1.156,,
sh688698,伟创电气,72.88,185599650.0,-0.478,,
sh688699,明微电子,65.5,328569746.0,-3.449,,
sh688700,东威科技,65.44,373897544.0,-0.244,,
sh688701,卓锦股份,10.83,15300513.0,-1.724,,
sh688702,盛科通信,302.88,2600485735.0,-5.356,,
sh688707,振华新材,16.96,190661547.0,-1.738,,
sh688708,佳驰科技,52.15,57591452.0,-2.45,,
sh688709,成都华微,39.52,146021023.0,-1.323,,
sh688710,益诺思,64.42,96823291.0,2.092,,
sh688711,宏微科技,30.71,237920648.0,0.163,,
sh688712,北芯生命,45.52,89463920.0,-0.611,,
sh688716,中研股份,36.27,36848482.0,-1.494,,
sh688717,艾罗能源,122.75,330853304.0,1.346,,
sh688718,唯赛勃,19.16,64952359.0,-2.642,,
sh688719,爱科赛博,77.08,201729785.0,3.324,,
sh688720,艾森股份,86.49,207315567.0,0.012,,
sh688721,龙图光罩,46.87,46490655.0,0.472,,
sh688722,同益中,18.77,31442992.0,-0.16,,
sh688726,拉普拉斯,73.14,1536609771.0,-1.495,,
sh688727,恒坤新材,58.43,241321158.0,1.972,,
sh688728,格科微,14.68,137955437.0,0.0,,
sh688729,屹唐股份,25.96,220593156.0,1.724,,
sh688733,壹石通,33.81,91407025.0,1.167,,
sh688737,中自科技,28.95,57028576.0,-3.532,,
sh688739,成大生物,24.35,49482600.0,-1.576,,
sh688750,金天钛业,19.19,37073550.0,-0.98,,
sh688755,汉邦科技,40.6,23501222.0,-1.647,,
sh688757,胜科纳米,31.13,124782192.0,-0.543,,
sh688758,赛分科技,19.69,44943064.0,0.665,,
sh688759,必贝特,34.69,65491169.0,-0.373,,
sh688765,禾元生物,59.28,58600734.0,1.681,,
sh688766,普冉股份,405.04,2982250040.0,6.31,,
sh688767,博拓生物,42.52,56572342.0,-2.073,,
sh688768,容知日新,42.65,26625812.0,-2.089,,
sh688772,珠海冠宇,15.99,275154387.0,-1.6,,
sh688775,影石创新,212.5,239180313.0,-1.702,,
sh688776,国光电气,82.22,107837695.0,-1.979,,
sh688777,中控技术,79.36,1257690152.0,-3.22,,
sh688778,厦钨新能,77.44,349013186.0,-3.453,,
sh688779,五矿新能,10.25,206746125.0,-1.914,,
sh688781,视涯科技,47.7,159287308.0,3.967,,
sh688783,西安奕材,34.98,961726244.0,2.731,,
sh688785,恒运昌,423.0,574637908.0,12.8,,
sh688786,悦安新材,32.9,44354478.0,-1.438,,
sh688787,海天瑞声,147.25,283031239.0,0.389,,
sh688788,科思科技,57.58,65495745.0,-2.736,,
sh688789,宏华数科,60.09,71798637.0,-1.346,,
sh688790,昂瑞微,155.3,142485957.0,-2.155,,
sh688793,倍轻松,24.48,51866442.0,1.115,,
sh688795,摩尔线程,729.98,1342176072.0,1.81,,
sh688796,百奥赛图,100.88,138849918.0,4.8,,
sh688798,艾为电子,72.4,102305910.0,-0.454,,
sh688799,华纳药厂,62.91,89088931.0,-0.695,,
sh688800,瑞可达,133.41,1137429789.0,4.447,,
sh688802,沐曦股份,802.71,1132647767.0,1.931,,
sh688805,健信超导,54.82,123647280.0,-3.35,,
sh688807,优迅股份,404.77,390485202.0,-1.755,,
sh688808,联讯仪器,1138.5,1407899440.0,-3.189,,
sh688809,强一股份,441.5,477187756.0,-1.67,,
sh688811,有研复材,28.73,344276857.0,-0.554,,
sh688813,泰金新能,119.2,501767799.0,0.761,,
sh688816,易思维,70.13,79175312.0,-0.932,,
sh688818,电科蓝天,89.68,1313613715.0,-2.68,,
sh688819,天能股份,27.18,137868744.0,-3.032,,
sh688820,盛合晶微,140.71,3630228277.0,-2.623,,
sh688981,中芯国际,122.88,5246428650.0,0.294,,
sz000001,平安银行,11.27,523390552.0,-0.089,,
sz000002,万 科Ａ,4.12,404328162.0,0.733,,
sz000004,*ST国华,0.0,0.0,0.0,,
sz000006,深振业Ａ,10.45,638633434.0,10.0,,
sz000007,全新好,15.89,146427051.0,-3.697,,
sz000008,神州高铁,2.78,61332670.0,-0.714,,
sz000009,中国宝安,8.47,112805922.0,-1.282,,
sz000010,*ST美丽,2.54,139862234.0,-2.308,,
sz000011,深物业A,8.41,97011143.0,3.956,,
sz000012,南 玻Ａ,3.95,86396608.0,-1.741,,
sz000014,沙河股份,13.14,109387311.0,1.467,,
sz000016,*ST康佳A,3.23,117229707.0,3.526,,
sz000017,深中华A,6.24,27674804.0,-1.887,,
sz000019,深粮控股,7.26,82980940.0,-2.941,,
sz000020,深华发Ａ,14.28,64652815.0,-1.449,,
sz000021,深科技,32.32,1937871558.0,-1.971,,
sz000025,特 力Ａ,16.22,25838922.0,-0.369,,
sz000026,飞亚达,20.29,248308528.0,0.745,,
sz000027,深圳能源,7.38,281607283.0,2.643,,
sz000028,国药一致,24.66,36632960.0,-0.404,,
sz000029,深深房Ａ,26.49,381489037.0,10.008,,
sz000030,富奥股份,4.98,51152994.0,-1.775,,
sz000031,大悦城,3.1,50915830.0,-0.641,,
sz000032,深桑达Ａ,18.99,193661170.0,-0.367,,
sz000034,神州数码,41.6,877282738.0,-2.393,,
sz000035,中国天楹,6.42,187175634.0,-1.835,,
sz000036,华联控股,6.15,229496875.0,-2.844,,
sz000037,深南电A,11.41,243715745.0,2.057,,
sz000039,中集集团,12.96,213720841.0,-1.818,,
sz000042,中洲控股,10.25,47794015.0,2.398,,
sz000045,深纺织Ａ,12.45,73728746.0,1.467,,
sz000048,京基智农,15.03,76458208.0,-0.858,,
sz000049,德赛电池,27.98,218045895.0,-2.373,,
sz000050,深天马Ａ,7.71,87585607.0,-1.533,,
sz000055,方大集团,3.72,16115365.0,-1.587,,
sz000056,*ST皇庭,1.73,50436294.0,1.765,,
sz000058,深 赛 格,8.37,83652951.0,-0.947,,
sz000059,华锦股份,5.13,109813511.0,-0.774,,
sz000060,中金岭南,7.78,3172323716.0,-8.471,,
sz000061,农 产 品,7.29,64158833.0,-1.22,,
sz000062,深圳华强,37.5,2596792317.0,-4.068,,
sz000063,中兴通讯,38.66,2061221759.0,-1.151,,
sz000065,北方国际,13.07,146217309.0,-1.433,,
sz000066,中国长城,25.25,8695137159.0,7.906,,
sz000068,华控赛格,3.31,69439775.0,1.846,,
sz000069,华侨城Ａ,2.29,67589756.0,0.439,,
sz000070,特发信息,21.29,1954226956.0,1.866,,
sz000078,ST海王,2.46,4820862.0,-5.019,,
sz000088,盐 田 港,4.63,69831963.0,1.092,,
sz000089,深圳机场,6.95,18863963.0,0.144,,
sz000090,天健集团,3.61,45890299.0,0.557,,
sz000096,广聚能源,9.33,32887386.0,-1.374,,
sz000099,中信海直,17.7,111894319.0,-2.048,,
sz000100,TCL科技,4.32,1033528644.0,-0.461,,
sz000151,中成股份,12.17,43520856.0,0.165,,
sz000153,丰原药业,6.4,26087190.0,-1.082,,
sz000155,川能动力,16.33,564445904.0,-0.488,,
sz000156,华数传媒,7.54,35325622.0,-0.396,,
sz000157,中联重科,7.98,635498204.0,-2.92,,
sz000158,常山北明,17.5,251060373.0,-1.519,,
sz000159,国际实业,6.34,55684436.0,-0.314,,
sz000166,申万宏源,4.79,262292889.0,0.419,,
sz000301,东方盛虹,13.03,114565809.0,0.696,,
sz000333,美的集团,80.51,1054922708.0,-0.198,,
sz000338,潍柴动力,32.92,2214441615.0,-1.819,,
sz000400,许继电气,27.5,644738160.0,1.364,,
sz000401,金隅冀东,4.32,24325231.0,-1.144,,
sz000402,金 融 街,3.26,224089801.0,-2.102,,
sz000403,派林生物,11.81,52686286.0,-0.756,,
sz000404,长虹华意,8.43,68571387.0,-0.59,,
sz000407,胜利股份,4.55,42848968.0,-1.515,,
sz000408,藏格矿业,88.64,812935611.0,2.344,,
sz000409,云鼎科技,10.08,38351479.0,-1.659,,
sz000410,沈阳机床,6.12,94540829.0,-0.971,,
sz000411,英特集团,11.32,46110009.0,-0.876,,
sz000415,渤海租赁,4.65,155827710.0,-2.105,,
sz000417,合百集团,7.07,90299991.0,0.426,,
sz000419,通程控股,5.73,15164222.0,-1.036,,
sz000420,吉林化纤,5.42,338712683.0,-2.342,,
sz000421,南京公用,6.24,20334495.0,-0.478,,
sz000422,湖北宜化,16.05,343032894.0,-2.074,,
sz000423,东阿阿胶,53.38,104812752.0,-0.928,,
sz000425,徐工机械,10.62,1533112796.0,-3.191,,
sz000426,兴业银锡,51.56,3566584487.0,4.605,,
sz000428,华天酒店,3.78,33749713.0,-2.326,,
sz000429,粤高速Ａ,12.97,36746640.0,0.543,,
sz000430,ST张家界,7.86,16803527.0,-0.38,,
sz000488,ST晨鸣,2.42,37799745.0,-2.419,,
sz000498,山东路桥,5.53,22357780.0,-0.181,,
sz000501,武商集团,8.18,30931338.0,-1.564,,
sz000503,国新健康,7.79,44662561.0,-1.641,,
sz000504,*ST生物,9.44,18916741.0,-0.632,,
sz000505,京粮控股,6.9,70422499.0,-1.429,,
sz000506,招金黄金,16.55,287692738.0,-1.839,,
sz000507,珠海港,5.28,27295902.0,0.0,,
sz000509,华塑控股,3.92,64164371.0,-1.01,,
sz000510,新金路,16.79,409087567.0,0.479,,
sz000513,丽珠集团,32.11,88809874.0,-1.109,,
sz000514,渝 开 发,5.14,29044228.0,0.0,,
sz000516,国际医学,4.6,58717599.0,-0.862,,
sz000517,荣安地产,2.1,33515656.0,0.962,,
sz000518,*ST四环,3.06,21429238.0,-0.649,,
sz000519,中兵红箭,17.91,255412691.0,-1.647,,
sz000520,凤凰航运,4.09,39235362.0,-2.387,,
sz000521,长虹美菱,5.75,16678734.0,-0.862,,
sz000523,红棉股份,3.35,31521641.0,-0.888,,
sz000524,岭南控股,9.86,90191894.0,-1.988,,
sz000525,红太阳,5.43,59139997.0,-1.452,,
sz000526,学大教育,35.07,27661679.0,-1.516,,
sz000528,柳 工,9.77,473629636.0,-3.267,,
sz000529,广弘控股,5.57,13961408.0,-1.241,,
sz000530,冰山冷热,6.1,55108986.0,0.0,,
sz000531,穗恒运Ａ,7.38,135553290.0,1.793,,
sz000532,华金资本,12.61,43889038.0,-1.484,,
sz000533,顺钠股份,13.59,569387189.0,2.411,,
sz000534,万泽股份,38.03,524620256.0,-0.886,,
sz000536,华映科技,4.06,55079888.0,-0.49,,
sz000537,绿发电力,11.19,660236614.0,3.134,,
sz000538,云南白药,52.59,174946718.0,-0.057,,
sz000539,粤电力Ａ,7.52,820963263.0,2.035,,
sz000541,佛山照明,5.64,28191419.0,-1.742,,
sz000543,皖能电力,8.48,233597863.0,1.193,,
sz000544,中原环保,8.52,33056995.0,1.188,,
sz000545,金浦钛业,3.0,67585069.0,-2.597,,
sz000546,金圆股份,7.48,463124836.0,-3.856,,
sz000547,航天发展,28.11,3605827349.0,-2.43,,
sz000548,湖南投资,5.25,14209768.0,-0.38,,
sz000550,江铃汽车,19.06,35113948.0,0.74,,
sz000551,创元科技,17.1,202894058.0,-0.117,,
sz000552,甘肃能化,2.84,112980752.0,1.068,,
sz000553,安道麦A,7.2,84919429.0,-0.277,,
sz000554,泰山石油,7.87,59096020.0,-1.502,,
sz000555,神州信息,14.44,194059195.0,-2.826,,
sz000557,西部创业,4.65,16715177.0,-0.428,,
sz000558,天府文旅,4.06,54277296.0,-1.456,,
sz000559,万向钱潮,17.56,933437223.0,-1.348,,
sz000560,我爱我家,3.36,278603341.0,0.599,,
sz000561,烽火电子,9.71,67095395.0,-2.314,,
sz000563,陕国投Ａ,3.23,67764740.0,-0.92,,
sz000564,供销大集,1.76,148219606.0,-1.676,,
sz000565,渝三峡Ａ,8.03,67130470.0,-2.902,,
sz000566,海南海药,4.92,76107662.0,-2.574,,
sz000567,海德股份,6.66,168744195.0,-3.338,,
sz000568,泸州老窖,95.04,716040034.0,-1.93,,
sz000570,苏常柴Ａ,6.77,73609853.0,-0.878,,
sz000571,新大洲A,4.95,80083399.0,-5.172,,
sz000572,海马汽车,5.4,123835257.0,-3.226,,
sz000573,粤宏远Ａ,4.74,72376241.0,0.0,,
sz000576,甘化科工,8.78,50475965.0,-2.553,,
sz000581,威孚高科,20.19,158276583.0,1.001,,
sz000582,北部湾港,12.85,765733698.0,0.784,,
sz000586,汇源通信,19.34,247980911.0,0.104,,
sz000589,贵州轮胎,5.0,53039607.0,-0.596,,
sz000590,古汉医药,10.89,19274909.0,-1.09,,
sz000591,太阳能,5.85,1230332232.0,9.962,,
sz000592,平潭发展,11.77,1390502002.0,-0.759,,
sz000593,德龙汇能,22.55,571522835.0,-7.658,,
sz000595,*ST宝实,6.98,61422243.0,2.047,,
sz000596,古井贡酒,103.18,180829324.0,-2.347,,
sz000597,东北制药,4.99,33643658.0,-1.383,,
sz000598,兴蓉环境,6.76,103778425.0,0.148,,
sz000599,青岛双星,5.84,38116081.0,0.172,,
sz000600,建投能源,10.07,279049580.0,1.003,,
sz000601,韶能股份,8.09,531111583.0,10.068,,
sz000603,盛达资源,39.91,877122687.0,1.14,,
sz000605,渤海股份,7.21,12280908.0,-0.139,,
sz000607,华媒控股,4.13,21563627.0,-0.721,,
sz000608,*ST阳光,3.91,27645929.0,1.823,,
sz000609,*ST中迪,14.73,222854258.0,-4.968,,
sz000610,*ST西旅,7.65,29222982.0,-1.671,,
sz000612,焦作万方,12.91,334149055.0,-1.676,,
sz000615,*ST美谷,3.56,29793687.0,2.006,,
sz000617,中油资本,9.21,447275931.0,-1.286,,
sz000619,海螺新材,6.17,14276668.0,-1.122,,
sz000620,盈新发展,3.09,409957540.0,-1.592,,
sz000623,吉林敖东,18.99,134246069.0,0.423,,
sz000625,长安汽车,9.21,290729803.0,-0.968,,
sz000626,远大控股,9.09,67807726.0,-1.73,,
sz000628,高新发展,62.1,427894507.0,-1.865,,
sz000629,钒钛股份,3.87,327728800.0,-1.276,,
sz000630,铜陵有色,6.86,1720693644.0,-0.291,,
sz000631,顺发恒能,3.39,40001608.0,-1.166,,
sz000632,ST三木,3.97,135731929.0,4.199,,
sz000633,合金投资,6.6,41567723.0,-3.226,,
sz000635,英 力 特,8.08,30728848.0,-2.415,,
sz000636,风华高科,29.15,2347760348.0,2.424,,
sz000637,茂化实华,4.81,28497812.0,0.839,,
sz000638,*ST万方,0.0,0.0,0.0,,
sz000639,ST西王,1.68,100886428.0,-2.89,,
sz000650,仁和药业,5.74,32080191.0,-0.347,,
sz000651,格力电器,40.47,897569999.0,0.025,,
sz000652,泰达股份,4.33,50256316.0,-2.257,,
sz000655,金岭矿业,8.16,37793811.0,-1.923,,
sz000656,*ST金科,1.39,39888562.0,0.0,,
sz000657,中钨高新,59.33,2108105818.0,-2.16,,
sz000659,珠海中富,4.16,143549812.0,-4.368,,
sz000661,长春高新,88.32,335226842.0,-1.867,,
sz000663,永安林业,6.87,11983214.0,-1.151,,
sz000665,湖北广电,4.85,36920099.0,-1.423,,
sz000668,*ST荣控,20.22,14002350.0,4.984,,
sz000669,ST金鸿,4.07,30586036.0,0.993,,
sz000670,盈方微,8.08,177550828.0,-1.343,,
sz000672,上峰水泥,16.54,512859713.0,5.89,,
sz000676,智度股份,7.44,62353042.0,-0.932,,
sz000677,ST海龙,2.96,998408.0,-5.128,,
sz000678,襄阳轴承,12.95,246797094.0,0.232,,
sz000679,大连友谊,6.99,24128532.0,1.158,,
sz000680,山推股份,12.28,139332255.0,-2.151,,
sz000681,视觉中国,22.24,337629190.0,-1.767,,
sz000682,东方电子,13.66,217517565.0,0.886,,
sz000683,博源化工,8.49,149546384.0,-0.933,,
sz000685,中山公用,11.56,88576170.0,-0.259,,
sz000686,东北证券,8.76,142305919.0,0.114,,
sz000688,国城矿业,42.56,979502566.0,-3.361,,
sz000690,宝新能源,5.76,461653415.0,0.876,,
sz000691,*ST亚太,8.22,37278757.0,3.788,,
sz000692,惠天热电,5.29,55299511.0,1.341,,
sz000695,滨海能源,14.61,72344851.0,-2.924,,
sz000697,炼石航空,12.19,147892949.0,-1.055,,
sz000698,ST沈化,3.89,9308713.0,-0.256,,
sz000700,模塑科技,13.9,497086033.0,-2.797,,
sz000701,厦门信达,6.13,35321630.0,-0.325,,
sz000702,正虹科技,6.87,25677733.0,-2.137,,
sz000703,恒逸石化,15.63,430858452.0,0.385,,
sz000705,浙江震元,8.03,22900659.0,-1.714,,
sz000707,双环科技,5.81,31483886.0,-1.19,,
sz000708,中信特钢,15.61,122889399.0,-0.192,,
sz000709,河钢股份,2.39,109222095.0,0.0,,
sz000710,贝瑞基因,10.8,187040799.0,-5.346,,
sz000711,ST京蓝,6.25,322035351.0,5.042,,
sz000712,锦龙股份,11.8,755266041.0,3.418,,
sz000713,国投丰乐,6.35,31280019.0,-1.398,,
sz000715,中兴商业,5.76,45724914.0,-2.041,,
sz000716,黑芝麻,5.14,34680156.0,-1.344,,
sz000717,中南股份,2.45,27561700.0,-0.81,,
sz000718,苏宁环球,2.18,48160904.0,0.461,,
sz000719,中原传媒,14.09,30115386.0,0.715,,
sz000720,新能泰山,5.94,1104284410.0,1.887,,
sz000721,西安饮食,7.18,37034709.0,-2.18,,
sz000722,湖南发展,15.3,468473232.0,4.723,,
sz000723,美锦能源,4.14,195488259.0,-2.358,,
sz000725,京东方Ａ,4.21,1596987117.0,0.477,,
sz000726,鲁 泰Ａ,6.56,28421754.0,-0.906,,
sz000727,冠捷科技,2.89,269304605.0,1.404,,
sz000728,国元证券,7.41,135048000.0,0.135,,
sz000729,燕京啤酒,12.93,149333348.0,0.233,,
sz000731,四川美丰,6.74,48476965.0,-1.462,,
sz000733,振华科技,46.0,355904905.0,-1.097,,
sz000735,罗 牛 山,6.39,75649824.0,-2.443,,
sz000736,*ST中地,5.65,13437015.0,0.0,,
sz000737,北方铜业,15.28,639048374.0,0.592,,
sz000738,航发控制,22.36,364678742.0,-2.783,,
sz000739,普洛药业,18.73,234546149.0,-2.802,,
sz000750,国海证券,3.97,133164011.0,0.253,,
sz000751,锌业股份,6.31,324794455.0,-2.171,,
sz000752,*ST西发,9.4,19216156.0,-0.424,,
sz000753,漳州发展,6.73,94181925.0,-1.32,,
sz000755,山西高速,5.0,8297413.0,0.0,,
sz000756,新华制药,14.79,128420316.0,-3.016,,
sz000757,浩物股份,4.9,25498092.0,-0.81,,
sz000758,中色股份,7.54,255316507.0,-1.567,,
sz000759,中百集团,5.37,23460919.0,-1.105,,
sz000761,本钢板材,2.87,14170206.0,-1.034,,
sz000762,西藏矿业,35.99,1141593900.0,-3.847,,
sz000766,通化金马,23.46,201642868.0,-0.719,,
sz000767,晋控电力,4.65,1093486061.0,9.929,,
sz000768,中航西飞,24.8,963713516.0,0.162,,
sz000776,广发证券,21.02,489356968.0,-0.048,,
sz000777,中核科技,20.49,87124907.0,-0.775,,
sz000778,新兴铸管,4.47,108191178.0,-1.325,,
sz000779,甘咨询,8.76,15974227.0,-0.68,,
sz000782,恒申新材,8.6,300765692.0,-4.125,,
sz000783,长江证券,8.99,1758092450.0,2.626,,
sz000785,居然智家,2.58,50126828.0,-1.149,,
sz000786,北新建材,26.97,220910717.0,1.582,,
sz000788,北大医药,6.17,130397076.0,-2.681,,
sz000789,万年青,4.96,8396454.0,-0.601,,
sz000790,华神科技,4.53,64149287.0,-1.522,,
sz000791,甘肃能源,10.08,1322650253.0,-0.395,,
sz000792,盐湖股份,37.11,1669574731.0,-1.145,,
sz000793,*ST华闻,2.77,63606072.0,4.135,,
sz000795,英洛华,9.55,103798700.0,-1.648,,
sz000796,凯撒旅业,4.88,143894872.0,0.0,,
sz000797,中国武夷,2.91,46679531.0,0.345,,
sz000798,中水渔业,9.33,29127310.0,-1.478,,
sz000799,酒鬼酒,43.53,146282258.0,-1.716,,
sz000800,一汽解放,6.59,30398975.0,-0.603,,
sz000801,四川九洲,13.98,120204014.0,-1.549,,
sz000802,北京文化,4.94,67610734.0,0.203,,
sz000803,山高环能,8.52,58742091.0,-2.74,,
sz000807,云铝股份,31.34,782273842.0,0.192,,
sz000809,和展能源,3.9,34170800.0,0.0,,
sz000810,创维数字,12.73,76505154.0,-1.318,,
sz000811,冰轮环境,28.97,1023500451.0,0.208,,
sz000812,陕西金叶,4.0,27297207.0,-1.72,,
sz000813,德展健康,3.88,221839796.0,2.646,,
sz000815,美利云,21.39,1029102241.0,-2.06,,
sz000816,智慧农业,3.02,42491481.0,-1.307,,
sz000818,航锦科技,17.63,513139647.0,-2.811,,
sz000819,岳阳兴长,16.15,48491731.0,-2.417,,
sz000820,*ST节能,3.87,18901363.0,0.781,,
sz000821,ST京机,10.8,102810391.0,2.759,,
sz000822,山东海化,5.47,67960246.0,-1.971,,
sz000823,超声电子,16.88,336755312.0,-2.54,,
sz000825,太钢不锈,4.35,106746930.0,-0.458,,
sz000826,*ST启环,2.06,43458858.0,0.488,,
sz000828,东莞控股,10.6,36970050.0,-1.119,,
sz000829,天音控股,11.07,191853506.0,-1.072,,
sz000830,鲁西化工,15.68,196635809.0,-0.634,,
sz000831,中国稀土,55.89,1508028301.0,-3.887,,
sz000833,粤桂股份,27.13,883166520.0,-1.274,,
sz000837,秦川机床,12.17,417852787.0,3.311,,
sz000838,*ST发展,2.0,73456754.0,-0.99,,
sz000839,国安股份,3.39,417545570.0,-0.294,,
sz000848,承德露露,8.99,53020575.0,-0.663,,
sz000850,华茂股份,4.41,23669259.0,-1.563,,
sz000852,石化机械,7.29,108842074.0,-0.274,,
sz000856,冀东装备,10.36,27994617.0,-1.333,,
sz000858,五 粮 液,90.6,1702961322.0,-1.318,,
sz000859,国风新材,9.18,132858126.0,-2.651,,
sz000860,顺鑫农业,12.39,38534711.0,-1.275,,
sz000862,银星能源,7.34,416690103.0,5.007,,
sz000863,三湘印象,5.53,144820030.0,-3.49,,
sz000868,安凯客车,4.35,28456037.0,-2.466,,
sz000869,张 裕Ａ,19.28,5293429.0,-0.413,,
sz000875,电投绿能,6.87,237376315.0,0.881,,
sz000876,新 希 望,8.62,117593394.0,-1.147,,
sz000877,天山股份,4.82,38252443.0,0.208,,
sz000878,云南铜业,20.44,927162361.0,0.393,,
sz000880,潍柴重机,29.05,241570538.0,-2.221,,
sz000881,中广核技,8.06,64584175.0,-0.861,,
sz000882,华联股份,1.63,46973027.0,-0.61,,
sz000883,湖北能源,5.05,172395996.0,2.02,,
sz000885,城发环境,14.11,30854627.0,0.0,,
sz000886,海南高速,5.4,34358981.0,-1.46,,
sz000887,中鼎股份,18.09,197937149.0,-1.255,,
sz000888,峨眉山Ａ,11.3,45695831.0,-0.79,,
sz000889,中嘉博创,5.11,413395915.0,-2.852,,
sz000890,法尔胜,13.37,553120202.0,0.225,,
sz000892,欢瑞世纪,4.53,72999278.0,-2.16,,
sz000893,亚钾国际,53.76,360168449.0,3.008,,
sz000895,双汇发展,26.96,111942203.0,-0.7,,
sz000897,津滨发展,2.18,42107786.0,0.461,,
sz000898,鞍钢股份,2.27,73042063.0,-1.304,,
sz000899,赣能股份,14.02,504418764.0,3.392,,
sz000900,现代投资,4.2,19979174.0,-0.238,,
sz000901,航天科技,23.84,461314279.0,-2.734,,
sz000902,新洋丰,15.43,123559135.0,-1.026,,
sz000903,ST云动,2.09,82894998.0,-3.687,,
sz000905,厦门港务,11.41,52060981.0,-0.262,,
sz000906,浙商中拓,6.76,63330815.0,-0.588,,
sz000908,ST景峰,7.16,55101002.0,0.562,,
sz000909,*ST数源,4.78,48093181.0,3.913,,
sz000910,大亚圣象,6.76,7826183.0,0.148,,
sz000911,*ST广糖,5.89,43308060.0,2.435,,
sz000912,泸天化,4.35,104490405.0,-2.902,,
sz000913,钱江摩托,13.28,19001211.0,-0.075,,
sz000915,华特达因,28.88,33037483.0,-0.069,,
sz000917,电广传媒,8.76,127257614.0,-1.351,,
sz000919,金陵药业,7.22,80055783.0,-1.902,,
sz000920,沃顿科技,11.61,45543833.0,-3.088,,
sz000921,海信家电,24.31,101297083.0,-1.738,,
sz000922,佳电股份,16.89,540715647.0,-1.112,,
sz000923,河钢资源,17.98,124421580.0,-1.1,,
sz000925,众合科技,10.76,1024752129.0,10.02,,
sz000926,福星股份,2.15,37036376.0,-0.922,,
sz000927,中国铁物,2.83,80458970.0,-0.352,,
sz000928,中钢国际,6.62,76897862.0,-1.046,,
sz000929,*ST兰黄,11.16,11307324.0,-0.712,,
sz000930,中粮科技,5.75,77153308.0,-2.211,,
sz000931,中 关 村,4.69,19379840.0,-0.636,,
sz000932,华菱钢铁,4.71,137825273.0,0.0,,
sz000933,神火股份,31.78,760205092.0,2.121,,
sz000935,四川双马,30.78,262784619.0,7.285,,
sz000936,华西股份,7.66,102899790.0,0.131,,
sz000937,冀中能源,5.56,98866308.0,-1.767,,
sz000938,紫光股份,31.64,2944010175.0,-0.158,,
sz000948,南天信息,15.15,40938397.0,-1.239,,
sz000949,新乡化纤,7.66,160915572.0,1.323,,
sz000950,重药控股,6.81,571989611.0,10.016,,
sz000951,中国重汽,23.1,171535856.0,1.316,,
sz000952,广济药业,7.59,28222826.0,-1.556,,
sz000953,河化股份,6.98,18414562.0,-0.711,,
sz000955,欣龙控股,4.81,100300470.0,-7.5,,
sz000957,中通客车,11.88,173160619.0,0.763,,
sz000958,电投产融,6.28,177432673.0,1.29,,
sz000959,首钢股份,4.41,72547283.0,-1.342,,
sz000960,锡业股份,40.69,1758912987.0,-1.501,,
sz000962,东方钽业,47.57,379293518.0,-2.22,,
sz000963,华东医药,33.43,184011999.0,0.0,,
sz000965,天保基建,3.73,38523794.0,-0.267,,
sz000966,长源电力,5.05,476067201.0,4.339,,
sz000967,盈峰环境,14.03,2663292035.0,-5.394,,
sz000968,蓝焰控股,8.31,146380674.0,-2.235,,
sz000969,安泰科技,22.36,385457265.0,-1.671,,
sz000970,中科三环,12.48,199468317.0,-2.271,,
sz000972,*ST中基,3.85,12947160.0,-0.259,,
sz000973,佛塑科技,19.59,556681376.0,-3.923,,
sz000975,山金国际,28.25,526541072.0,0.57,,
sz000977,浪潮信息,73.63,3210604428.0,-3.118,,
sz000978,桂林旅游,6.62,34577038.0,-0.75,,
sz000980,众泰汽车,2.78,552139160.0,0.361,,
sz000981,山子高科,4.22,4222807262.0,7.379,,
sz000983,山西焦煤,6.87,153626614.0,-1.151,,
sz000985,大庆华科,19.78,12435851.0,-0.252,,
sz000987,越秀资本,9.07,245289353.0,0.221,,
sz000988,华工科技,145.54,6609274370.0,-1.369,,
sz000989,九芝堂,9.48,76571590.0,-2.167,,
sz000990,诚志股份,11.38,235281507.0,-2.234,,
sz000993,闽东电力,13.35,305523063.0,3.73,,
sz000995,皇台酒业,13.9,53216968.0,-2.388,,
sz000997,新 大 陆,22.09,387552463.0,-1.779,,
sz000998,隆平高科,9.15,69413099.0,-1.081,,
sz000999,华润三九,25.57,110013456.0,-0.738,,
sz001201,东瑞股份,12.97,42152376.0,-2.992,,
sz001202,炬申股份,17.41,12677765.0,0.115,,
sz001203,大中矿业,45.6,780447676.0,-1.724,,
sz001205,盛航股份,15.41,17176504.0,-0.773,,
sz001206,依依股份,19.02,18154335.0,-1.092,,
sz001207,联科科技,20.66,304877320.0,4.133,,
sz001208,华菱线缆,20.55,286329767.0,1.082,,
sz001209,洪兴股份,22.42,62755077.0,0.179,,
sz001210,金房能源,23.59,54396971.0,2.61,,
sz001211,双枪科技,53.55,174221052.0,10.004,,
sz001212,中旗新材,58.54,209449188.0,-1.282,,
sz001213,中铁特货,4.01,31180704.0,0.501,,
sz001215,千味央厨,46.61,148818110.0,-2.142,,
sz001216,华瓷股份,18.02,20258194.0,-0.221,,
sz001217,华尔泰,11.69,27467879.0,-1.1,,
sz001218,丽臣实业,28.23,61405614.0,1.219,,
sz001219,青岛食品,14.55,31931180.0,-1.423,,
sz001220,世盟股份,39.02,31013174.0,-1.812,,
sz001221,悍高集团,62.53,142302452.0,-1.574,,
sz001222,源飞宠物,18.35,14829441.0,-1.609,,
sz001223,欧克科技,58.56,31979017.0,-2.53,,
sz001225,和泰机电,50.85,27203648.0,-2.455,,
sz001226,拓山重工,48.6,29952873.0,-2.703,,
sz001227,兰州银行,2.23,25939413.0,0.45,,
sz001228,永泰运,30.68,20360661.0,-0.39,,
sz001229,魅视科技,37.23,30329239.0,-2.258,,
sz001230,劲旅环境,29.1,87243402.0,1.998,,
sz001231,农心科技,25.18,12467923.0,-1.255,,
sz001233,海安集团,60.71,62395541.0,0.881,,
sz001234,泰慕士,30.53,191519017.0,-3.172,,
sz001236,弘业期货,9.59,33511822.0,-0.827,,
sz001238,浙江正特,47.56,13847908.0,0.486,,
sz001239,永达股份,15.31,18630141.0,-1.162,,
sz001255,博菲电气,35.23,19411089.0,-2.03,,
sz001256,炜冈科技,25.2,45825798.0,-3.077,,
sz001257,盛龙股份,25.55,749574727.0,-2.07,,
sz001258,立新能源,9.7,331282716.0,3.191,,
sz001259,利仁科技,45.45,18902655.0,9.995,,
sz001260,坤泰股份,22.46,31624065.0,0.0,,
sz001266,宏英智能,44.94,186051681.0,3.073,,
sz001267,汇绿生态,64.5,1446046326.0,1.097,,
sz001268,联合精密,41.26,61770315.0,-0.817,,
sz001269,欧晶科技,22.7,24629312.0,-0.176,,
sz001270,*ST铖昌,155.99,925279757.0,-5.0,,
sz001277,速达股份,37.47,18118344.0,-2.142,,
sz001278,一彬科技,22.98,29961091.0,-0.948,,
sz001279,强邦新材,33.44,80699445.0,-3.659,,
sz001280,中国铀业,85.87,582212525.0,-0.912,,
sz001282,三联锻造,20.97,33143251.0,-1.734,,
sz001283,豪鹏科技,75.0,265693213.0,0.956,,
sz001285,瑞立科密,53.62,40297605.0,-0.814,,
sz001286,陕西能源,11.89,180898938.0,1.711,,
sz001287,中电港,29.43,841559551.0,-4.386,,
sz001288,运机集团,28.26,26775715.0,-0.598,,
sz001289,龙源电力,17.91,99085223.0,1.301,,
sz001296,长江材料,22.78,23682843.0,-2.357,,
sz001298,好上好,23.1,425418921.0,-4.348,,
sz001299,美能能源,11.2,52907119.0,-1.322,,
sz001300,三柏硕,18.73,27971974.0,-1.369,,
sz001301,尚太科技,78.04,318139361.0,-2.839,,
sz001306,夏厦精密,71.61,22299872.0,-1.228,,
sz001308,康冠科技,20.81,26714135.0,-1.281,,
sz001309,德明利,620.78,5429014242.0,-2.883,,
sz001311,多利科技,30.21,69789247.0,-2.83,,
sz001312,福恩股份,24.87,110039626.0,0.363,,
sz001313,粤海饲料,8.68,238632204.0,0.579,,
sz001314,亿道信息,57.0,227744062.0,-2.581,,
sz001316,润贝航科,60.18,140100469.0,-3.496,,
sz001317,三羊马,58.77,265300035.0,3.669,,
sz001318,阳光乳业,13.33,14980901.0,-0.966,,
sz001319,铭科精技,24.34,25888356.0,-0.896,,
sz001322,箭牌家居,7.3,13392215.0,-0.815,,
sz001323,慕思股份,24.59,8545042.0,0.408,,
sz001324,长青科技,20.9,48775478.0,0.577,,
sz001325,元创股份,52.35,47868459.0,-1.893,,
sz001326,联域股份,57.35,31266284.0,-1.46,,
sz001328,登康口腔,31.97,20256886.0,-1.297,,
sz001330,博纳影业,9.09,368077873.0,1.0,,
sz001331,胜通能源,53.33,450199517.0,-3.019,,
sz001332,锡装股份,64.39,63878093.0,-2.321,,
sz001333,光华股份,25.49,63417306.0,1.473,,
sz001335,信凯科技,46.17,20079446.0,0.261,,
sz001336,楚环科技,30.16,45250877.0,-1.567,,
sz001337,四川黄金,58.58,552935560.0,-1.314,,
sz001338,永顺泰,12.85,62232801.0,-2.578,,
sz001339,智微智能,103.06,564024439.0,0.331,,
sz001356,富岭股份,11.28,15359748.0,-0.617,,
sz001358,兴欣新材,30.0,30870825.0,-3.069,,
sz001359,平安电工,102.62,215916328.0,4.024,,
sz001360,南矿集团,22.18,44070542.0,-0.538,,
sz001366,播恩集团,15.27,39590588.0,-1.927,,
sz001367,海森药业,23.99,35730125.0,-1.276,,
sz001368,通达创智,29.76,20242369.0,-1.75,,
sz001369,双欣材料,16.21,165925741.0,-1.877,,
sz001373,翔腾新材,40.43,48446881.0,-2.154,,
sz001376,百通能源,15.78,84345587.0,0.51,,
sz001378,德冠新材,27.79,63619327.0,0.361,,
sz001379,腾达科技,22.21,19516254.0,-1.42,,
sz001380,华纬科技,19.26,13732413.0,-0.722,,
sz001382,新亚电缆,21.62,138875379.0,3.743,,
sz001386,马可波罗,19.64,138521770.0,2.238,,
sz001387,雪祺电气,14.57,31475187.0,-0.749,,
sz001388,信通电子,39.53,52850391.0,2.489,,
sz001389,广合科技,187.88,827620194.0,-1.272,,
sz001390,古麒绒材,20.52,19835075.0,-2.146,,
sz001391,国货航,5.3,36210928.0,-0.563,,
sz001395,亚联机械,39.46,16933638.0,-1.35,,
sz001396,誉帆科技,51.88,93713336.0,-2.901,,
sz001400,江顺科技,197.04,201321331.0,-4.396,,
sz001696,宗申动力,17.2,256021614.0,-1.77,,
sz001872,招商港口,22.57,36910549.0,0.804,,
sz001896,豫能控股,17.08,1755168303.0,1.606,,
sz001914,招商积余,10.72,34328337.0,0.469,,
sz001965,招商公路,9.68,51475890.0,0.624,,
sz001979,招商蛇口,9.88,509797494.0,1.646,,
sz002001,新 和 成,33.18,687547673.0,1.468,,
sz002003,伟星股份,9.98,87354847.0,2.781,,
sz002004,华邦健康,4.89,58593317.0,0.0,,
sz002005,ST德豪,2.94,18173634.0,1.73,,
sz002006,精工科技,18.06,95674633.0,-1.688,,
sz002007,华兰生物,14.65,130563105.0,-2.007,,
sz002008,大族激光,129.75,4006584764.0,-3.366,,
sz002009,天奇股份,26.66,969165478.0,-1.076,,
sz002010,传化智联,5.56,116975755.0,-2.627,,
sz002011,盾安环境,12.37,75123738.0,-1.198,,
sz002012,凯恩股份,7.07,37971668.0,-0.98,,
sz002014,永新股份,11.55,30224964.0,1.583,,
sz002015,协鑫能科,21.17,2720017814.0,4.389,,
sz002016,世荣兆业,5.37,29457248.0,-0.556,,
sz002017,东信和平,19.79,119298542.0,-1.346,,
sz002019,亿帆医药,11.15,49321863.0,-1.065,,
sz002020,京新药业,14.83,104759017.0,-2.498,,
sz002021,中捷资源,3.26,61988435.0,-1.807,,
sz002022,科华生物,6.13,26012545.0,-1.763,,
sz002023,海特高新,13.42,322489768.0,-1.757,,
sz002024,ST易购,1.3,10266831.0,-0.763,,
sz002025,航天电器,74.65,1193011401.0,-2.239,,
sz002026,山东威达,13.23,50309154.0,-1.121,,
sz002027,分众传媒,6.05,490741985.0,-0.982,,
sz002028,思源电气,199.15,1068278763.0,1.524,,
sz002029,七 匹 狼,11.52,122985959.0,-1.285,,
sz002030,达安基因,7.44,1117262951.0,1.918,,
sz002031,巨轮智能,7.14,1209741675.0,-1.653,,
sz002032,苏 泊 尔,47.79,28943103.0,-1.056,,
sz002033,丽江股份,9.16,89736319.0,-0.435,,
sz002034,旺能环境,18.82,129480326.0,-0.581,,
sz002035,华帝股份,5.86,19812168.0,-0.509,,
sz002036,联创电子,8.57,217971867.0,-2.169,,
sz002037,保利联合,8.68,47291010.0,0.347,,
sz002038,双鹭药业,6.52,187647383.0,-1.659,,
sz002039,黔源电力,20.98,169351520.0,1.5,,
sz002040,南 京 港,10.61,133926049.0,0.569,,
sz002041,登海种业,10.06,74699676.0,-1.949,,
sz002042,华孚时尚,4.95,186549753.0,-3.131,,
sz002043,兔 宝 宝,16.06,109240930.0,0.312,,
sz002044,美年健康,6.16,965712995.0,-3.448,,
sz002045,国光电器,11.6,65511513.0,0.086,,
sz002046,国机精工,56.41,607681008.0,-3.589,,
sz002047,*ST宝鹰,5.5,40861080.0,-1.61,,
sz002048,宁波华翔,29.4,293208839.0,-1.043,,
sz002049,紫光国微,80.27,1620806086.0,-2.038,,
sz002050,三花智控,50.9,3883332757.0,-0.605,,
sz002051,中工国际,11.27,368263764.0,-3.922,,
sz002052,同洲电子,12.08,170320275.0,2.634,,
sz002053,云南能投,12.32,107342874.0,0.736,,
sz002054,德美化工,8.67,83796636.0,-2.803,,
sz002055,ST得润,6.06,82543742.0,-0.98,,
sz002056,横店东磁,19.86,288782815.0,-0.201,,
sz002057,中钢天源,9.62,76790115.0,-2.632,,
sz002058,*ST威尔,26.59,16738977.0,0.72,,
sz002059,云南旅游,4.71,14999431.0,-1.05,,
sz002060,广东建工,3.81,68949558.0,0.528,,
sz002061,浙江交科,3.92,24704278.0,0.0,,
sz002062,宏润建设,9.96,203089655.0,-0.698,,
sz002063,远光软件,6.53,134875553.0,-0.91,,
sz002064,华峰化学,11.2,150500684.0,0.901,,
sz002065,东华软件,8.57,182393054.0,-1.72,,
sz002066,瑞泰科技,24.46,671279702.0,-4.677,,
sz002067,景兴纸业,4.89,67573352.0,-1.212,,
sz002068,黑猫股份,9.1,80968104.0,-3.294,,
sz002069,獐子岛,3.77,20917483.0,-2.078,,
sz002072,凯瑞德,7.01,21240339.0,-1.406,,
sz002073,软控股份,6.62,93580672.0,-2.071,,
sz002074,国轩高科,36.74,697254654.0,-1.448,,
sz002075,沙钢股份,4.6,74939826.0,0.0,,
sz002076,*ST星光,2.31,54756544.0,-1.282,,
sz002077,大港股份,17.45,256715672.0,-0.626,,
sz002078,太阳纸业,14.21,174021463.0,-2.804,,
sz002079,苏州固锝,12.69,395995856.0,-2.008,,
sz002080,中材科技,61.37,1287830515.0,-2.711,,
sz002081,金 螳 螂,7.7,2524631589.0,6.207,,
sz002082,ST万邦,22.05,1003275.0,-4.998,,
sz002083,孚日股份,10.95,140917242.0,-0.905,,
sz002084,海鸥住工,3.84,29920746.0,0.261,,
sz002085,万丰奥威,14.02,198670467.0,-1.545,,
sz002086,东方海洋,1.97,69251633.0,-2.956,,
sz002088,鲁阳节能,9.94,13213526.0,-0.6,,
sz002090,金智科技,11.52,96956422.0,2.037,,
sz002091,江苏国泰,9.36,196198646.0,-1.681,,
sz002092,中泰化学,5.87,260405406.0,-2.815,,
sz002093,国脉科技,8.62,66341535.0,-0.806,,
sz002094,青岛金王,6.04,46212766.0,-1.468,,
sz002095,生 意 宝,16.52,20294471.0,-1.373,,
sz002096,易普力,11.1,36072944.0,-1.07,,
sz002097,山河智能,10.08,120093819.0,-2.041,,
sz002098,浔兴股份,8.63,20964729.0,-1.032,,
sz002099,海翔药业,6.01,152544437.0,-2.435,,
sz002100,天康生物,7.72,200037080.0,-4.455,,
sz002101,广东鸿图,9.95,24560990.0,-0.699,,
sz002102,ST能特,2.61,88427400.0,4.819,,
sz002103,广博股份,8.1,27169549.0,-1.699,,
sz002104,恒宝股份,14.54,131486539.0,-1.69,,
sz002105,信隆健康,6.77,23799141.0,-0.147,,
sz002106,莱宝高科,11.03,51656655.0,-0.898,,
sz002107,沃华医药,7.27,48999482.0,-1.491,,
sz002108,沧州明珠,6.21,1053104247.0,-3.571,,
sz002109,ST兴化,3.14,158722956.0,-4.848,,
sz002110,三钢闽光,3.48,63343869.0,1.163,,
sz002111,威海广泰,11.34,62850013.0,-1.648,,
sz002112,三变科技,22.14,676122349.0,5.781,,
sz002114,罗平锌电,9.2,114481681.0,-0.433,,
sz002115,三维通信,15.4,1519858976.0,-0.13,,
sz002116,中国海诚,9.75,20473772.0,-0.915,,
sz002117,东港股份,10.26,62683077.0,-2.379,,
sz002119,康强电子,22.96,484018809.0,-1.417,,
sz002120,韵达股份,7.89,115609953.0,-0.253,,
sz002121,科陆电子,7.09,92045542.0,-0.839,,
sz002122,ST汇洲,2.89,28891166.0,-1.365,,
sz002123,梦网科技,9.77,73424247.0,-1.313,,
sz002124,天邦食品,2.82,430770433.0,-0.704,,
sz002125,湘潭电化,14.88,161174543.0,-2.554,,
sz002126,银轮股份,50.72,1279869659.0,7.458,,
sz002127,南极电商,3.09,140707903.0,-3.738,,
sz002128,电投能源,31.78,242192861.0,1.794,,
sz002129,TCL中环,9.82,1981346446.0,8.031,,
sz002130,沃尔核材,23.6,730019688.0,0.426,,
sz002131,利欧股份,6.75,1366811659.0,-3.017,,
sz002132,恒星科技,5.73,362020180.0,1.957,,
sz002133,广宇集团,3.33,29345244.0,0.0,,
sz002134,天津普林,29.84,161273727.0,0.947,,
sz002135,东南网架,9.37,168003414.0,0.214,,
sz002136,安 纳 达,15.18,59074229.0,-0.066,,
sz002137,实益达,8.61,90985681.0,0.702,,
sz002138,顺络电子,37.34,530959471.0,0.08,,
sz002139,拓邦股份,11.02,101781294.0,-1.519,,
sz002140,东华科技,11.37,77307317.0,-1.644,,
sz002141,贤丰控股,3.68,76083128.0,-4.416,,
sz002142,宁波银行,32.06,321143988.0,-1.897,,
sz002144,宏达高科,13.86,32063682.0,-2.119,,
sz002145,钛能化学,4.72,114444063.0,0.212,,
sz002146,荣盛发展,1.38,92026802.0,0.73,,
sz002148,北纬科技,8.2,52931458.0,-0.485,,
sz002149,西部材料,73.91,3823653359.0,-2.028,,
sz002150,正泰电源,29.37,217936345.0,0.479,,
sz002151,北斗星通,43.12,626292407.0,-2.773,,
sz002152,广电运通,11.95,129387867.0,-1.321,,
sz002153,石基信息,10.21,214123578.0,-2.39,,
sz002154,报 喜 鸟,4.63,116119950.0,2.661,,
sz002155,湖南黄金,29.33,929102955.0,-1.676,,
sz002156,通富微电,59.91,4402079001.0,-2.14,,
sz002157,正邦科技,3.39,505329264.0,-3.693,,
sz002158,汉钟精机,32.56,278362345.0,-2.222,,
sz002159,三特索道,15.59,24271014.0,-0.32,,
sz002160,常铝股份,4.85,60488321.0,-1.222,,
sz002161,远 望 谷,7.04,74316411.0,-3.164,,
sz002162,悦心健康,4.42,32333952.0,-1.778,,
sz002163,海南发展,12.26,138209847.0,-2.077,,
sz002164,宁波东力,13.62,124851981.0,-1.376,,
sz002165,红 宝 丽,8.68,201504636.0,-3.125,,
sz002166,莱茵生物,9.1,79304535.0,-2.57,,
sz002167,东方锆业,13.38,242527644.0,-2.478,,
sz002168,ST惠程,4.14,53780826.0,-3.497,,
sz002169,智光电气,13.52,178343093.0,0.446,,
sz002170,芭田股份,13.49,127215133.0,-1.1,,
sz002171,楚江新材,11.89,224644669.0,-0.168,,
sz002172,澳洋健康,3.79,29712773.0,-1.044,,
sz002173,创新医疗,23.67,281457160.0,-2.432,,
sz002174,游族网络,11.05,313191125.0,2.41,,
sz002175,*ST东智,2.72,47974166.0,5.019,,
sz002176,江特电机,14.71,1735611982.0,-3.919,,
sz002177,御银股份,7.7,159427853.0,-1.911,,
sz002178,延华智能,5.72,42680235.0,-2.389,,
sz002179,中航光电,41.48,3921280717.0,2.142,,
sz002180,奔图科技,19.05,159666378.0,1.168,,
sz002181,粤 传 媒,18.95,1037581859.0,-0.577,,
sz002182,宝武镁业,16.37,197644675.0,-1.028,,
sz002183,怡 亚 通,7.05,863596650.0,-1.811,,
sz002184,海得控制,12.19,33173624.0,-0.975,,
sz002185,华天科技,14.53,1906020942.0,-1.425,,
sz002186,全 聚 德,10.66,20479800.0,-1.388,,
sz002187,广百股份,6.11,19717425.0,-0.489,,
sz002188,中天服务,7.15,31663065.0,-0.556,,
sz002189,中光学,23.95,91144462.0,-2.245,,
sz002190,成飞集成,29.74,61032628.0,-1.458,,
sz002191,劲嘉股份,3.97,76826647.0,0.253,,
sz002192,融捷股份,98.55,1993786248.0,-3.449,,
sz002193,ST如意,5.32,230288028.0,-4.83,,
sz002194,武汉凡谷,12.72,341641271.0,0.633,,
sz002195,岩山科技,8.94,679790276.0,-1.542,,
sz002196,方正电机,14.51,252904552.0,-1.494,,
sz002197,证通电子,8.31,120700383.0,-2.35,,
sz002198,ST嘉应,4.52,92960128.0,-5.042,,
sz002199,*ST东晶,13.25,95950621.0,4.992,,
sz002200,*ST交投,7.81,5366461.0,-0.888,,
sz002201,九鼎新材,13.96,376215051.0,-2.446,,
sz002202,金风科技,27.51,2770750109.0,-2.308,,
sz002203,海亮股份,22.21,483153916.0,-1.377,,
sz002204,大连重工,6.57,101632473.0,-1.794,,
sz002205,国统股份,13.96,30335311.0,-1.482,,
sz002206,海 利 得,6.02,49051997.0,-1.473,,
sz002207,*ST准油,8.77,9362852.0,5.03,,
sz002208,合肥城建,15.54,679113723.0,4.506,,
sz002209,达 意 隆,14.26,56244643.0,-1.451,,
sz002210,飞马国际,3.19,479131694.0,0.314,,
sz002211,ST宏达,3.82,24500993.0,0.792,,
sz002212,天融信,7.54,80601463.0,-1.695,,
sz002213,大为股份,44.85,593993181.0,-0.576,,
sz002214,*ST大立,18.77,22132717.0,-0.53,,
sz002215,诺 普 信,10.44,133498904.0,-2.43,,
sz002216,三全食品,14.21,45153416.0,0.212,,
sz002217,合力泰,3.5,1708405261.0,-1.961,,
sz002218,拓日新能,5.88,290869810.0,0.0,,
sz002219,新里程,2.36,84945792.0,-0.84,,
sz002221,东华能源,7.69,56649049.0,-1.03,,
sz002222,福晶科技,105.31,2869643820.0,-3.11,,
sz002223,鱼跃医疗,29.82,133467590.0,-1.193,,
sz002224,三 力 士,4.26,25965392.0,-1.389,,
sz002225,濮耐股份,4.58,161471439.0,-3.171,,
sz002226,江南化工,5.47,67305458.0,-1.795,,
sz002227,*ST特迅,9.07,24061370.0,-0.22,,
sz002228,合兴包装,3.9,44518016.0,-1.266,,
sz002229,鸿博股份,17.48,480303903.0,-3.744,,
sz002230,科大讯飞,49.33,1325204554.0,-1.928,,
sz002232,启明信息,18.05,34056875.0,-0.715,,
sz002233,塔牌集团,8.93,32299792.0,1.133,,
sz002234,民和股份,8.28,34593063.0,-2.012,,
sz002235,安妮股份,12.04,376186654.0,-2.273,,
sz002236,大华股份,17.99,442223764.0,-1.425,,
sz002237,恒邦股份,16.88,259260976.0,-0.589,,
sz002238,天威视讯,7.34,16660810.0,-0.272,,
sz002239,奥特佳,2.86,75009139.0,-0.694,,
sz002240,盛新锂能,56.17,1622120851.0,-2.837,,
sz002241,歌尔股份,25.45,1071459541.0,-1.088,,
sz002242,九阳股份,10.91,127183755.0,-1.445,,
sz002243,力合科创,8.55,62857693.0,-2.062,,
sz002244,滨江集团,11.71,507069970.0,4.274,,
sz002245,蔚蓝锂芯,22.81,559415909.0,0.132,,
sz002246,北化股份,22.45,302959639.0,-4.994,,
sz002247,聚力文化,2.92,34949319.0,-0.68,,
sz002248,华东数控,13.62,121295116.0,-0.366,,
sz002249,大洋电机,9.64,232658711.0,-0.516,,
sz002250,联化科技,16.41,220486940.0,-3.979,,
sz002251,步步高,4.05,117851972.0,-1.22,,
sz002252,上海莱士,5.69,111462196.0,0.353,,
sz002253,*ST智胜,12.03,44292054.0,-0.331,,
sz002254,泰和新材,12.58,394326736.0,4.572,,
sz002255,海陆重工,11.23,125431915.0,-1.75,,
sz002256,兆新股份,5.25,876636901.0,-4.891,,
sz002258,利尔化学,12.44,145051805.0,0.566,,
sz002259,升达林业,5.84,128919254.0,-1.849,,
sz002261,拓维信息,34.1,2197229119.0,-3.18,,
sz002262,恩华药业,21.53,88901754.0,-1.148,,
sz002263,大东南,4.16,291281129.0,-1.655,,
sz002264,新 华 都,8.55,72557774.0,-1.498,,
sz002265,建设工业,23.8,115966964.0,-1.081,,
sz002266,浙富控股,5.54,419157780.0,-0.894,,
sz002267,陕天然气,7.89,20559061.0,-0.63,,
sz002268,电科网安,16.15,73844388.0,-1.284,,
sz002269,美邦服饰,1.67,29303537.0,-1.183,,
sz002270,华明装备,25.57,325887127.0,1.589,,
sz002271,东方雨虹,17.17,506513653.0,1.718,,
sz002272,川润股份,19.38,386121469.0,-1.274,,
sz002273,水晶光电,38.09,2099813703.0,0.927,,
sz002274,华昌化工,6.21,64855341.0,-2.512,,
sz002275,桂林三金,14.61,12304195.0,-0.477,,
sz002276,万马股份,13.8,152677105.0,-0.072,,
sz002277,友阿股份,6.24,64449620.0,-0.319,,
sz002278,神开股份,10.89,91079326.0,-2.332,,
sz002279,久其软件,7.88,120878579.0,-2.596,,
sz002281,光迅科技,198.85,7702377041.0,0.03,,
sz002282,博深股份,6.89,13587716.0,-0.577,,
sz002283,天润工业,10.89,186302054.0,-1.09,,
sz002284,亚太股份,13.01,88875685.0,-1.065,,
sz002285,世联行,3.32,116725060.0,0.606,,
sz002286,保龄宝,10.08,48111183.0,-2.89,,
sz002287,奇正藏药,22.73,26083646.0,-0.959,,
sz002289,*ST宇顺,46.67,51706715.0,4.994,,
sz002290,禾盛新材,92.05,676165439.0,-4.194,,
sz002291,遥望科技,6.73,102234835.0,-1.608,,
sz002292,奥飞娱乐,8.12,120318601.0,-0.123,,
sz002293,罗莱生活,11.49,100067661.0,4.645,,
sz002294,信立泰,38.8,1949292272.0,-9.998,,
sz002295,精艺股份,11.77,47000823.0,-2.243,,
sz002296,辉煌科技,11.99,154885705.0,-0.58,,
sz002297,博云新材,23.84,1789158431.0,-5.209,,
sz002298,中电鑫龙,11.39,547106469.0,0.0,,
sz002299,圣农发展,18.32,129112938.0,0.992,,
sz002300,太阳电缆,10.67,661970207.0,10.0,,
sz002301,齐心集团,7.34,87364586.0,-0.542,,
sz002302,西部建设,5.73,41185584.0,0.88,,
sz002303,美盈森,3.58,38190228.0,0.0,,
sz002304,洋河股份,47.94,121609199.0,-0.725,,
sz002305,*ST南置,2.41,44444499.0,1.688,,
sz002306,*ST云网,2.23,17390431.0,-1.762,,
sz002307,北新路桥,4.36,28207952.0,-1.134,,
sz002309,中利集团,4.69,1242816475.0,2.851,,
sz002310,东方新能,3.18,662258017.0,1.597,,
sz002311,海大集团,45.59,267191968.0,-1.767,,
sz002312,川发龙蟒,10.82,178952353.0,-1.187,,
sz002313,日海智能,10.12,97345525.0,-0.881,,
sz002314,南山控股,2.52,41787888.0,-0.395,,
sz002315,焦点科技,31.75,135426449.0,-1.885,,
sz002316,亚联发展,5.67,35683295.0,-0.701,,
sz002317,众生药业,21.17,1322627494.0,-4.811,,
sz002318,久立特材,30.17,188786733.0,2.549,,
sz002319,乐通股份,11.72,34383148.0,-2.9,,
sz002320,海峡股份,8.28,99366917.0,-2.128,,
sz002321,华英农业,2.1,28147360.0,-0.943,,
sz002322,理工能科,12.03,28516482.0,-0.824,,
sz002323,*ST雅博,1.29,8767356.0,-5.147,,
sz002324,普利特,15.31,256729432.0,-2.855,,
sz002326,永太科技,22.95,444713550.0,-2.007,,
sz002327,富安娜,7.71,96995402.0,3.49,,
sz002328,新朋股份,10.78,437310191.0,-2.0,,
sz002329,皇氏集团,4.55,56461726.0,0.22,,
sz002330,得利斯,4.63,23303352.0,-1.907,,
sz002331,皖通科技,10.33,497578017.0,5.84,,
sz002332,仙琚制药,8.82,27550562.0,-0.787,,
sz002333,罗普斯金,5.36,33428498.0,-2.011,,
sz002334,英威腾,9.1,668947878.0,-0.546,,
sz002335,科华数据,67.64,1032893442.0,-2.311,,
sz002337,赛象科技,6.15,23765986.0,-1.6,,
sz002338,奥普光电,63.1,153895195.0,-0.127,,
sz002339,积成电子,10.18,109565853.0,0.0,,
sz002340,格林美,8.78,1202722170.0,-3.197,,
sz002342,巨力索具,20.61,2752940391.0,-7.037,,
sz002343,慈文传媒,6.13,28632730.0,-0.809,,
sz002344,海宁皮城,4.47,31781748.0,-1.974,,
sz002345,潮宏基,10.04,80511856.0,-1.569,,
sz002346,柘中股份,20.37,181373362.0,9.989,,
sz002347,泰尔股份,8.43,80393289.0,-0.94,,
sz002348,高乐股份,12.75,329570482.0,-3.189,,
sz002349,精华制药,7.5,71448529.0,-2.216,,
sz002350,北京科锐,16.63,347992978.0,-4.315,,
sz002351,漫步者,11.16,37836400.0,-1.413,,
sz002352,顺丰控股,37.16,238683284.0,-0.695,,
sz002353,杰瑞股份,144.28,1391285861.0,-0.304,,
sz002354,天娱数科,6.58,767275118.0,3.297,,
sz002355,兴民智通,6.65,85790037.0,0.605,,
sz002356,赫美集团,3.36,55839078.0,-2.326,,
sz002357,富临运业,12.73,72591395.0,0.079,,
sz002358,森源电气,7.8,276924923.0,2.767,,
sz002360,ST同德,6.23,55309017.0,-0.954,,
sz002361,神剑股份,20.71,3094291450.0,-6.921,,
sz002362,汉王科技,19.05,28492142.0,-1.346,,
sz002363,隆基机械,8.51,41006733.0,-0.117,,
sz002364,中恒电气,44.46,850159249.0,-0.604,,
sz002365,永安药业,13.85,48600418.0,-2.327,,
sz002366,融发核电,7.74,259717494.0,0.913,,
sz002367,康力电梯,6.27,34619800.0,-1.57,,
sz002368,太极股份,17.04,157305401.0,-1.9,,
sz002369,卓翼科技,7.4,37448490.0,-1.202,,
sz002370,亚太药业,6.58,140818500.0,-3.519,,
sz002371,北方华创,576.18,2784751970.0,0.522,,
sz002372,伟星新材,10.71,48824314.0,0.375,,
sz002373,千方科技,9.09,79620928.0,-1.41,,
sz002374,中锐股份,3.21,66261267.0,1.582,,
sz002375,亚厦股份,4.54,87742626.0,2.252,,
sz002376,新北洋,7.32,39866091.0,-1.348,,
sz002377,国创高新,3.58,48387742.0,-1.648,,
sz002378,章源钨业,32.16,1094829530.0,-3.394,,
sz002379,宏桥控股,23.15,226519447.0,-0.043,,
sz002380,科远智慧,35.6,254013453.0,1.482,,
sz002381,双箭股份,6.66,13819892.0,-0.597,,
sz002382,蓝帆医疗,7.14,52978650.0,0.563,,
sz002383,合众思壮,9.62,62319201.0,-1.636,,
sz002384,东山精密,220.5,10622976148.0,1.008,,
sz002385,大北农,3.81,133310783.0,-0.781,,
sz002386,天原股份,6.63,210317310.0,1.687,,
sz002387,维信诺,8.06,41968169.0,-1.467,,
sz002388,新亚制程,5.51,61495958.0,-1.254,,
sz002389,航天彩虹,22.27,307565525.0,-2.067,,
sz002479,富春环保,5.74,78744216.0,1.413,,
sz002480,新筑股份,6.59,112474906.0,0.152,,
sz002481,双塔食品,4.45,21090018.0,-1.33,,
sz002482,广田集团,1.67,47380649.0,-1.183,,
sz002483,润邦股份,6.44,26892442.0,-1.075,,
sz002484,江海股份,42.9,1513324327.0,-7.002,,
sz002485,ST雪发,4.93,13522130.0,-1.4,,
sz002486,嘉麟杰,2.87,34759599.0,-1.034,,
sz002487,大金重工,84.99,634596227.0,-0.012,,
sz002488,金固股份,12.42,237840952.0,-4.241,,
sz002489,浙江永强,3.78,163487383.0,-2.577,,
sz002490,山东墨龙,9.8,258656881.0,-3.162,,
sz002491,通鼎互联,25.0,2544594447.0,9.987,,
sz002492,恒基达鑫,7.88,44612414.0,-1.868,,
sz002493,荣盛石化,13.49,378450738.0,3.292,,
sz002494,华斯股份,6.26,25870829.0,-0.318,,
sz002495,佳隆股份,2.69,23189081.0,-1.103,,
sz002496,*ST辉丰,2.28,57575928.0,-2.564,,
sz002497,雅化集团,29.07,779667559.0,-3.678,,
sz002498,汉缆股份,10.01,2559694858.0,10.0,,
sz002500,山西证券,5.76,98388342.0,0.876,,
sz002501,*ST利源,1.4,9099167.0,5.263,,
sz002506,协鑫集成,4.37,1223568093.0,-0.907,,
sz002507,涪陵榨菜,12.33,55938216.0,-0.565,,
sz002508,老板电器,19.03,107992690.0,2.422,,
sz002510,天汽模,6.76,76684920.0,-1.458,,
sz002511,中顺洁柔,8.21,75721146.0,-1.677,,
sz002512,ST达华,4.96,327238144.0,4.863,,
sz002513,蓝丰生化,6.64,23551661.0,-0.747,,
sz002514,*ST宝馨,3.22,83450204.0,4.886,,
sz002515,金字火腿,7.24,337342580.0,-4.737,,
sz002516,旷达科技,6.24,42380597.0,-0.16,,
sz002517,恺英网络,18.24,449303049.0,-0.654,,
sz002518,科士达,50.22,493496722.0,2.156,,
sz002519,银河电子,8.54,366108539.0,-2.176,,
sz002520,日发精机,6.57,211910265.0,-0.905,,
sz002521,齐峰新材,8.07,19955609.0,-1.224,,
sz002522,浙江众成,7.73,466860616.0,9.957,,
sz002523,天桥起重,3.85,28358788.0,-1.028,,
sz002524,光正眼科,4.45,17435046.0,-1.111,,
sz002526,山东矿机,3.37,49580740.0,-1.749,,
sz002527,新时达,13.58,74594377.0,-0.948,,
sz002528,*ST英飞,4.84,58896980.0,4.536,,
sz002529,*ST海源,8.58,56711546.0,4.89,,
sz002530,金财互联,9.06,74481209.0,-1.2,,
sz002531,天顺风能,11.83,383019185.0,4.598,,
sz002532,天山铝业,16.62,458637247.0,0.788,,
sz002533,金杯电工,13.99,140140846.0,1.084,,
sz002534,西子洁能,17.84,102352167.0,-0.056,,
sz002535,林州重机,3.45,46382317.0,1.77,,
sz002536,飞龙股份,44.74,873528645.0,0.539,,
sz002537,海联金汇,7.35,92378140.0,-1.475,,
sz002538,ST司特,6.98,40483131.0,-1.133,,
sz002539,云图控股,14.67,139203547.0,-1.807,,
sz002540,亚太科技,5.87,55408731.0,-1.839,,
sz002541,鸿路钢构,20.28,53089744.0,-0.295,,
sz002542,*ST中岩,1.86,50434580.0,1.087,,
sz002543,万和电气,8.28,12243304.0,-0.957,,
sz002544,普天科技,27.74,312838485.0,0.181,,
sz002545,东方铁塔,24.7,376248335.0,4.307,,
sz002546,新联电子,8.57,94809549.0,1.061,,
sz002547,*ST春兴,3.07,204396104.0,3.02,,
sz002548,金新农,4.94,119625348.0,-4.264,,
sz002549,凯美特气,18.85,449519537.0,-3.728,,
sz002550,千红制药,7.07,45573935.0,-1.395,,
sz002551,尚荣医疗,3.58,22700567.0,-1.105,,
sz002552,宝鼎科技,31.08,997120902.0,2.17,,
sz002553,南方精工,22.56,88100178.0,-1.096,,
sz002554,惠博普,3.47,68923459.0,-3.073,,
sz002555,三七互娱,21.75,430080158.0,-1.091,,
sz002556,辉隆股份,5.85,60549430.0,-1.681,,
sz002557,洽洽食品,22.26,89612360.0,-1.938,,
sz002558,巨人网络,32.03,1009504414.0,-2.437,,
sz002559,亚威股份,10.9,110222336.0,-1.447,,
sz002560,通达股份,16.5,1578980006.0,10.0,,
sz002561,徐家汇,7.9,24153961.0,-1.496,,
sz002562,兄弟科技,5.89,87099378.0,-1.669,,
sz002563,森马服饰,5.98,53106503.0,0.168,,
sz002564,天沃科技,6.2,94958383.0,-3.125,,
sz002565,顺灏股份,20.82,2063537489.0,-4.452,,
sz002566,益盛药业,8.32,19596006.0,-0.716,,
sz002567,唐人神,4.12,69982384.0,-2.83,,
sz002568,百润股份,18.1,90282585.0,-1.093,,
sz002569,*ST步森,16.46,65574496.0,3.718,,
sz002570,贝因美,5.2,91541057.0,0.58,,
sz002571,德力股份,11.83,49830827.0,-2.794,,
sz002572,索菲亚,12.14,52756003.0,0.082,,
sz002573,清新环境,3.63,15051270.0,-0.275,,
sz002574,明牌珠宝,5.74,19461444.0,-1.205,,
sz002575,群兴玩具,6.95,134397243.0,-1.278,,
sz002576,通达动力,19.03,46082711.0,-0.73,,
sz002577,雷柏科技,17.61,24242852.0,-1.62,,
sz002578,闽发铝业,4.13,44693405.0,-1.432,,
sz002579,中京电子,13.33,242601871.0,-0.966,,
sz002580,圣阳股份,34.89,2726456322.0,1.809,,
sz002581,*ST未名,5.68,49853847.0,1.429,,
sz002582,好想你,12.07,109086836.0,-1.227,,
sz002583,海能达,10.06,180117029.0,0.299,,
sz002584,西陇科学,8.07,58727672.0,-1.345,,
sz002585,双星新材,8.51,963376602.0,-1.959,,
sz002586,ST围海,4.69,16094316.0,0.0,,
sz002587,奥拓电子,7.22,77026001.0,-0.96,,
sz002588,史丹利,10.4,122192632.0,-1.701,,
sz002589,瑞康医药,3.18,55609716.0,-0.935,,
sz002590,万安科技,12.47,35747257.0,-0.796,,
sz002591,恒大高新,9.27,240128174.0,3.115,,
sz002592,ST八菱,8.06,13340232.0,0.499,,
sz002593,日上集团,5.29,27648922.0,-1.306,,
sz002594,比亚迪,99.45,1722751771.0,-0.986,,
sz002595,豪迈科技,58.18,186540864.0,-1.74,,
sz002596,海南瑞泽,3.77,39227033.0,-2.078,,
sz002597,金禾实业,23.8,179368734.0,3.93,,
sz002598,ST章鼓,8.21,42984315.0,1.358,,
sz002599,盛通股份,7.08,114363578.0,-3.279,,
sz002600,领益智造,14.98,921984989.0,-1.706,,
sz002601,龙佰集团,17.38,391796498.0,2.115,,
sz002602,世纪华通,15.48,1516232251.0,1.309,,
sz002603,以岭药业,17.37,206926323.0,-2.086,,
sz002605,姚记科技,20.48,52616758.0,-1.349,,
sz002606,大连电瓷,16.94,794117972.0,10.0,,
sz002607,中公教育,2.71,183285519.0,-1.455,,
sz002608,江苏国信,8.34,334454951.0,5.038,,
sz002609,捷顺科技,8.74,52226303.0,-0.456,,
sz002611,东方精工,18.75,550989841.0,-3.001,,
sz002612,朗姿股份,16.39,97083119.0,1.486,,
sz002613,北玻股份,4.25,129123447.0,-1.163,,
sz002614,奥佳华,5.68,26601292.0,-1.389,,
sz002615,哈尔斯,8.83,57532603.0,-1.009,,
sz002616,长青集团,5.84,55424790.0,0.516,,
sz002617,露笑科技,8.38,514949125.0,1.33,,
sz002620,*ST瑞和,10.02,69981888.0,2.037,,
sz002622,皓宸医疗,2.83,22399880.0,-1.049,,
sz002623,亚玛顿,23.85,510743016.0,-1.973,,
sz002624,完美世界,17.07,1071988665.0,1.486,,
sz002625,光启技术,42.77,1012263190.0,1.616,,
sz002626,金达威,15.9,30906182.0,-1.304,,
sz002627,三峡旅游,6.99,68703970.0,-1.964,,
sz002628,成都路桥,5.83,128311030.0,-0.681,,
sz002629,仁智股份,6.92,156467505.0,-3.755,,
sz002630,*ST华西,1.98,31928004.0,-1.493,,
sz002631,德尔未来,8.81,176091923.0,-2.111,,
sz002632,道明光学,11.51,135326680.0,-2.623,,
sz002633,申科股份,19.88,31841634.0,-0.251,,
sz002634,*ST棒杰,5.01,54576208.0,-2.907,,
sz002635,安洁科技,16.6,194402506.0,1.035,,
sz002636,金安国纪,46.72,870909712.0,-3.67,,
sz002637,赞宇科技,12.66,459480598.0,5.676,,
sz002638,勤上股份,4.65,100450033.0,-2.923,,
sz002639,雪人集团,18.08,433949966.0,-1.31,,
sz002640,跨境通,4.32,871492117.0,-4.846,,
sz002641,公元股份,4.29,18309606.0,-0.924,,
sz002642,荣联科技,8.9,281203382.0,-1.766,,
sz002643,万润股份,17.02,135934903.0,-1.675,,
sz002644,佛慈制药,8.24,20001695.0,-1.788,,
sz002645,华宏科技,29.31,836544146.0,-2.592,,
sz002646,天佑德酒,8.05,21085496.0,-1.589,,
sz002647,仁东控股,13.27,361414474.0,-1.338,,
sz002648,卫星化学,27.76,1208874448.0,3.351,,
sz002649,博彦科技,10.74,59765615.0,-1.738,,
sz002650,ST加加,8.34,84161750.0,2.457,,
sz002651,利君股份,9.6,36379360.0,-1.639,,
sz002652,扬子新材,6.31,145358004.0,-2.322,,
sz002653,海思科,55.59,112298836.0,-0.18,,
sz002654,万润科技,15.0,330670769.0,-2.344,,
sz002655,共达电声,36.17,1253211333.0,-0.55,,
sz002656,*ST摩登,3.33,45603612.0,2.462,,
sz002657,中科金财,21.74,70297019.0,-0.503,,
sz002658,雪迪龙,8.82,52482789.0,-2.756,,
sz002659,凯文教育,5.26,33450048.0,-2.048,,
sz002660,茂硕电源,8.97,12382890.0,-0.774,,
sz002661,克明食品,8.73,16624594.0,-0.908,,
sz002662,峰璟股份,3.82,39624145.0,-0.261,,
sz002663,普邦股份,2.45,91090605.0,1.24,,
sz002664,信质集团,22.91,173449172.0,-2.676,,
sz002666,德联集团,5.11,22183647.0,-1.731,,
sz002667,*ST威领,26.32,2105600.0,-4.982,,
sz002668,TCL智家,9.96,60508359.0,-1.092,,
sz002669,康达新材,14.22,81482285.0,-1.25,,
sz002670,国盛证券,12.93,101831445.0,0.077,,
sz002671,龙泉股份,4.88,28424740.0,-1.014,,
sz002672,东江环保,4.25,22937328.0,-2.746,,
sz002673,西部证券,7.31,154457479.0,0.412,,
sz002674,兴业科技,13.24,18343354.0,-0.75,,
sz002675,东诚药业,12.9,70400829.0,-1.752,,
sz002676,顺威股份,7.47,182681965.0,-2.353,,
sz002677,浙江美大,8.37,25191813.0,-0.594,,
sz002678,珠江钢琴,6.15,25635204.0,-1.914,,
sz002679,福建金森,10.99,11576840.0,-0.633,,
sz002681,奋达科技,5.43,68123376.0,-0.912,,
sz002682,龙洲股份,6.12,40668014.0,-1.29,,
sz002683,广东宏大,40.11,188150383.0,-1.353,,
sz002685,华东重机,8.98,624968438.0,-4.671,,
sz002686,亿利达,7.9,102204679.0,-0.878,,
sz002687,乔治白,4.91,33216673.0,-1.406,,
sz002688,金河生物,6.02,18340762.0,-0.987,,
sz002689,ST远智,3.51,15517106.0,-1.404,,
sz002690,美亚光电,18.14,54738910.0,0.11,,
sz002691,*ST冀凯,5.52,71061110.0,-0.361,,
sz002692,远程股份,5.64,92211230.0,0.0,,
sz002693,*ST双成,10.56,114811225.0,4.97,,
sz002694,*ST顾地,2.84,14428883.0,-2.069,,
sz002695,煌上煌,13.15,63446154.0,0.305,,
sz002696,百洋股份,6.8,26831893.0,-0.585,,
sz002697,红旗连锁,5.04,82773684.0,-1.563,,
sz002698,博实股份,14.77,116727319.0,-0.739,,
sz002700,万憬能源,7.18,22664284.0,-0.554,,
sz002701,奥瑞金,5.31,46738663.0,-0.748,,
sz002702,海欣食品,6.03,42229091.0,-1.309,,
sz002703,浙江世宝,18.42,421509156.0,0.711,,
sz002705,新宝股份,14.11,121853426.0,-1.741,,
sz002706,良信股份,12.71,1087169406.0,4.955,,
sz002707,众信旅游,6.18,46439200.0,-0.803,,
sz002708,光洋股份,15.28,298690244.0,-0.261,,
sz002709,天赐材料,57.16,4450724170.0,-4.03,,
sz002712,思美传媒,5.71,38047278.0,-0.868,,
sz002713,*ST东易,12.4,98812419.0,0.0,,
sz002714,牧原股份,43.21,1071802539.0,-2.505,,
sz002715,登云股份,17.71,79111225.0,-0.056,,
sz002716,湖南白银,12.66,2515684422.0,1.85,,
sz002717,*ST岭南,1.36,29021131.0,-1.449,,
sz002718,友邦吊顶,82.2,187995300.0,4.78,,
sz002719,ST麦趣,7.84,75020501.0,0.128,,
sz002721,金一文化,3.04,59019079.0,-0.654,,
sz002722,物产金轮,15.65,30590354.0,-0.698,,
sz002723,小崧股份,8.96,116274693.0,-2.397,,
sz002724,海洋王,6.09,36394799.0,-1.774,,
sz002725,跃岭股份,17.12,62530961.0,-1.947,,
sz002726,ST龙大,2.21,3356106.0,-5.15,,
sz002727,一心堂,12.75,36706496.0,-1.316,,
sz002728,特一药业,10.12,79870844.0,-2.411,,
sz002729,好利科技,20.06,97776076.0,-2.716,,
sz002730,电光科技,32.95,682877003.0,-5.991,,
sz002731,ST萃华,0.0,0.0,0.0,,
sz002732,燕塘乳业,16.05,10136622.0,-1.231,,
sz002733,雄韬股份,28.55,258922270.0,-1.04,,
sz002734,利民股份,17.33,164607457.0,-2.035,,
sz002735,王子新材,15.04,89828054.0,-2.401,,
sz002736,国信证券,10.83,198681548.0,0.185,,
sz002737,葵花药业,13.72,41738780.0,-0.363,,
sz002738,中矿资源,84.67,1218478805.0,-2.353,,
sz002739,儒意电影,9.46,133802255.0,-0.942,,
sz002741,光华科技,22.17,326332470.0,-2.592,,
sz002742,三圣股份,4.8,47691224.0,-2.834,,
sz002743,富煌钢构,5.4,27922265.0,-1.46,,
sz002745,木林森,9.51,233583265.0,-0.938,,
sz002746,仙坛股份,6.3,45178565.0,-1.563,,
sz002747,埃斯顿,24.48,448940885.0,1.032,,
sz002748,世龙实业,12.63,56652085.0,-0.941,,
sz002749,国光股份,12.6,5652054.0,-0.787,,
sz002752,昇兴股份,7.38,94484839.0,-2.122,,
sz002753,永东股份,7.17,25824554.0,-1.24,,
sz002755,奥赛康,17.38,101793759.0,-1.418,,
sz002756,永兴材料,77.89,914538711.0,-2.185,,
sz002757,南兴股份,31.31,520054166.0,0.064,,
sz002758,浙农股份,8.95,34614841.0,-0.776,,
sz002759,天际股份,37.62,1159630087.0,-1.493,,
sz002760,凤形股份,23.12,63396175.0,-2.117,,
sz002761,浙江建投,8.71,43098157.0,-1.023,,
sz002762,*ST金比,9.1,19798380.0,-1.087,,
sz002763,汇洁股份,9.7,94356939.0,-1.523,,
sz002765,蓝黛科技,9.74,53116312.0,-1.715,,
sz002766,索菱股份,4.86,52862694.0,-0.205,,
sz002767,先锋电子,20.98,27684202.0,-0.851,,
sz002768,国恩股份,60.18,142751974.0,-0.595,,
sz002769,普路通,9.41,105256549.0,-6.275,,
sz002771,真视通,14.95,76192971.0,-1.838,,
sz002772,众兴菌业,16.09,90382842.0,-2.01,,
sz002773,康弘药业,23.66,100173383.0,-1.703,,
sz002774,快意电梯,12.98,88568261.0,1.327,,
sz002775,文科股份,3.93,15806064.0,-1.256,,
sz002777,久远银海,16.09,62452679.0,-1.409,,
sz002778,中晟高科,20.19,32138609.0,-1.32,,
sz002779,中坚科技,76.57,148977255.0,-1.467,,
sz002780,三夫户外,17.12,56903552.0,-0.581,,
sz002782,可立克,21.93,311579246.0,-2.186,,
sz002783,凯龙股份,8.87,73178857.0,-1.772,,
sz002785,万里石,55.44,271355422.0,-1.876,,
sz002786,银宝山新,7.97,50646837.0,-1.361,,
sz002787,华源控股,24.93,581442372.0,7.318,,
sz002788,鹭燕医药,14.8,378985479.0,2.706,,
sz002789,*ST建艺,14.41,45678049.0,5.029,,
sz002790,瑞尔特,7.36,12779357.0,-1.867,,
sz002791,坚朗五金,19.34,50741829.0,-0.463,,
sz002792,通宇通讯,52.66,1518140279.0,-0.66,,
sz002793,罗欣药业,5.43,84943008.0,-2.162,,
sz002795,永和智控,9.58,193608528.0,1.055,,
sz002796,世嘉科技,58.35,393852896.0,-1.735,,
sz002797,第一创业,8.0,1064994200.0,1.911,,
sz002798,帝欧水华,8.47,92671706.0,-0.118,,
sz002799,环球印务,8.76,19071388.0,-1.351,,
sz002800,天顺股份,18.34,56931288.0,-1.873,,
sz002801,微光股份,33.14,35881271.0,-0.897,,
sz002802,洪汇新材,14.87,54282592.0,0.541,,
sz002803,吉宏股份,22.17,102574361.0,0.09,,
sz002805,丰元股份,24.81,482107792.0,-2.553,,
sz002806,华锋股份,14.89,47504855.0,-0.997,,
sz002807,江阴银行,4.49,46635660.0,0.223,,
sz002808,*ST恒久,0.0,0.0,0.0,,
sz002809,红墙股份,10.62,35070302.0,-0.933,,
sz002810,山东赫达,27.26,93171945.0,-1.73,,
sz002811,郑中设计,13.63,24379495.0,-1.16,,
sz002812,恩捷股份,79.37,1468725853.0,-2.959,,
sz002813,路畅科技,27.37,30493879.0,0.367,,
sz002815,崇达技术,16.22,388748330.0,0.247,,
sz002816,*ST和科,24.73,32056427.0,0.447,,
sz002817,黄山胶囊,8.2,18890959.0,-0.606,,
sz002818,富森美,11.72,26108025.0,-1.18,,
sz002819,东方中科,27.84,41889577.0,-1.625,,
sz002820,桂发祥,11.7,26677501.0,0.257,,
sz002821,凯莱英,130.8,763816041.0,0.554,,
sz002822,ST中装,3.08,20300631.0,0.326,,
sz002823,凯中精密,16.78,50988001.0,0.0,,
sz002824,和胜股份,27.25,244962080.0,-3.574,,
sz002825,纳尔股份,10.02,22510289.0,-1.281,,
sz002826,易明医药,19.65,41977619.0,0.102,,
sz002827,高争民爆,33.34,118674735.0,1.337,,
sz002828,贝肯能源,11.49,46735550.0,-1.119,,
sz002829,星网宇达,23.26,87926622.0,-2.31,,
sz002830,名雕股份,23.56,44802807.0,-2.159,,
sz002831,裕同科技,42.4,287604075.0,3.113,,
sz002832,比音勒芬,20.42,122216547.0,-1.353,,
sz002833,弘亚数控,21.36,105291835.0,-3.217,,
sz002835,同为股份,15.45,14203103.0,-1.215,,
sz002836,新宏泽,13.09,16939824.0,-0.076,,
sz002837,英维克,100.65,2133480035.0,-1.478,,
sz002838,道恩股份,36.36,183556709.0,1.934,,
sz002839,张家港行,4.49,47936865.0,0.447,,
sz002840,华统股份,11.59,400850477.0,-6.833,,
sz002841,视源股份,39.38,103718499.0,0.613,,
sz002842,翔鹭钨业,36.34,732140528.0,-3.659,,
sz002843,泰嘉股份,27.09,223223207.0,-2.484,,
sz002845,同兴达,14.88,56547237.0,-1.13,,
sz002846,英联股份,14.92,111960686.0,-2.865,,
sz002847,盐津铺子,55.97,129665927.0,-0.161,,
sz002848,*ST高斯,16.63,120213983.0,1.588,,
sz002849,威星智能,18.7,116815824.0,1.245,,
sz002850,科达利,197.28,377597132.0,0.509,,
sz002851,麦格米特,125.03,1077577866.0,0.024,,
sz002852,道道全,8.93,24510556.0,-1.217,,
sz002853,皮阿诺,29.0,23611035.0,-0.753,,
sz002855,捷荣技术,12.62,16708428.0,-0.864,,
sz002856,*ST美芝,15.52,85239234.0,5.007,,
sz002857,三晖电气,22.76,28718962.0,-1.215,,
sz002858,力盛体育,17.24,98843119.0,1.771,,
sz002859,洁美科技,52.1,241435330.0,1.362,,
sz002860,星帅尔,13.92,144732212.0,2.882,,
sz002861,瀛通通讯,17.76,54934744.0,-1.878,,
sz002862,实丰文化,19.26,25140541.0,-1.634,,
sz002863,今飞凯达,5.65,25984808.0,-1.224,,
sz002864,盘龙药业,30.86,44984201.0,-2.404,,
sz002865,钧达股份,106.0,2445479740.0,-0.17,,
sz002866,传艺科技,25.0,836984230.0,-9.584,,
sz002867,周大生,13.16,40195437.0,-0.529,,
sz002868,*ST绿康,0.0,0.0,0.0,,
sz002869,金溢科技,20.4,37200301.0,-2.064,,
sz002870,香山股份,43.55,177251573.0,6.636,,
sz002871,伟隆股份,20.48,35931230.0,-0.679,,
sz002872,ST天圣,5.53,7160692.0,-0.54,,
sz002873,新天药业,10.01,36239182.0,-1.573,,
sz002875,安奈儿,24.96,75486720.0,-1.149,,
sz002876,三利谱,30.57,71037074.0,-1.546,,
sz002877,智能自控,9.12,21961201.0,-1.085,,
sz002878,元隆雅图,19.85,138946585.0,-0.151,,
sz002879,长缆科技,18.51,62201765.0,0.817,,
sz002880,卫光生物,26.28,35035835.0,0.728,,
sz002881,美格智能,41.7,68764186.0,-0.382,,
sz002882,金龙羽,26.76,58213596.0,-0.705,,
sz002883,*ST中设,9.54,24747340.0,0.421,,
sz002884,凌霄泵业,18.82,29405293.0,-1.155,,
sz002885,京泉华,38.8,485370308.0,-1.096,,
sz002886,沃特股份,24.69,87255291.0,-0.484,,
sz002887,绿茵生态,13.52,94529454.0,-5.388,,
sz002888,惠威科技,20.69,36654341.0,-0.815,,
sz002889,东方嘉盛,13.27,10803585.0,-0.375,,
sz002890,弘宇股份,17.31,21063606.0,-1.142,,
sz002891,中宠股份,31.97,162039849.0,-2.797,,
sz002892,科力尔,10.72,54942362.0,-0.279,,
sz002893,京能热力,10.96,52656605.0,0.091,,
sz002895,川恒股份,36.03,121743881.0,1.636,,
sz002896,中大力德,80.49,1478070947.0,6.525,,
sz002897,意华股份,67.1,468151571.0,-1.483,,
sz002898,*ST赛隆,0.0,0.0,0.0,,
sz002899,英派斯,34.62,56404342.0,-0.087,,
sz002900,哈三联,11.58,19649103.0,-1.531,,
sz002901,大博医疗,40.95,49326415.0,-2.523,,
sz002902,铭普光磁,38.02,1441848123.0,0.053,,
sz002903,宇环数控,48.99,562833639.0,7.552,,
sz002905,金逸影视,9.14,16570649.0,-0.436,,
sz002906,华阳集团,31.68,123307293.0,-0.063,,
sz002907,华森制药,13.62,24653560.0,-2.366,,
sz002908,德生科技,8.56,15065028.0,-0.811,,
sz002909,集泰股份,6.64,15977082.0,-1.043,,
sz002910,庄园牧场,11.39,18924933.0,-0.957,,
sz002911,佛燃能源,11.82,39437132.0,-0.589,,
sz002912,中新赛克,24.98,31808095.0,-0.952,,
sz002913,奥士康,58.7,214538575.0,-0.475,,
sz002915,中欣氟材,21.02,136922041.0,-1.638,,
sz002916,深南电路,331.57,1241368210.0,-0.585,,
sz002917,金奥博,13.42,71915985.0,-4.074,,
sz002918,蒙娜丽莎,14.0,50714650.0,9.976,,
sz002919,名臣健康,24.15,43346113.0,-0.862,,
sz002920,德赛西威,104.74,484098352.0,0.258,,
sz002921,联诚精密,32.29,106275368.0,-0.951,,
sz002922,伊戈尔,42.56,560842823.0,1.94,,
sz002923,润都股份,12.85,46782014.0,-1.758,,
sz002925,盈趣科技,20.43,127060779.0,-1.92,,
sz002926,华西证券,8.79,98735881.0,0.457,,
sz002927,泰永长征,19.15,69532226.0,-2.296,,
sz002928,华夏航空,8.13,134915839.0,0.37,,
sz002929,润建股份,77.67,1675335168.0,0.026,,
sz002930,宏川智慧,15.57,274214272.0,-4.185,,
sz002931,锋龙股份,60.72,276628244.0,-0.849,,
sz002932,*ST明德,17.34,21529355.0,-0.914,,
sz002933,新兴装备,31.16,39445566.0,-1.173,,
sz002935,天奥电子,21.91,162414548.0,-3.267,,
sz002936,郑州银行,1.83,45595906.0,0.0,,
sz002937,兴瑞科技,33.46,198471145.0,-2.164,,
sz002938,鹏鼎控股,77.7,1415455760.0,-2.996,,
sz002939,长城证券,9.77,913954060.0,6.543,,
sz002940,昂利康,33.85,253990870.0,-1.168,,
sz002941,新疆交建,13.88,81445753.0,-1.28,,
sz002942,新农股份,19.73,10284197.0,-1.35,,
sz002943,宇晶股份,81.8,784092512.0,-0.183,,
sz002945,华林证券,16.15,106061872.0,-0.062,,
sz002946,新乳业,18.21,51296194.0,-2.516,,
sz002947,恒铭达,84.21,367130989.0,-2.036,,
sz002948,青岛银行,5.65,112994027.0,-0.528,,
sz002949,华阳国际,14.69,18660659.0,-1.077,,
sz002950,奥美医疗,12.21,197358313.0,-4.235,,
sz002951,金时科技,17.45,105581904.0,5.566,,
sz002952,亚世光电,27.99,124850862.0,-3.847,,
sz002953,日丰股份,12.01,38294215.0,0.671,,
sz002955,鸿合科技,25.07,24123814.0,-1.648,,
sz002956,西麦食品,30.45,74874885.0,-3.609,,
sz002957,科瑞技术,43.18,903669086.0,-3.119,,
sz002958,青农商行,3.0,49898472.0,-0.332,,
sz002959,小熊电器,40.09,24088171.0,-1.159,,
sz002960,青鸟智控,10.22,81849833.0,-0.777,,
sz002961,瑞达期货,25.59,78948918.0,-1.954,,
sz002962,五方光电,18.64,271372510.0,1.359,,
sz002963,豪尔赛,17.4,38548113.0,-2.793,,
sz002965,祥鑫科技,35.8,299983521.0,1.791,,
sz002966,苏州银行,8.43,83952461.0,0.0,,
sz002967,广电计量,21.96,161801313.0,-2.095,,
sz002968,新大正,11.95,14112212.0,-1.24,,
sz002969,嘉美包装,22.81,745792228.0,-1.766,,
sz002970,锐明技术,75.0,201796278.0,-0.596,,
sz002971,和远气体,33.49,352262725.0,-2.276,,
sz002972,科安达,13.28,46015147.0,-0.15,,
sz002973,侨银股份,12.76,37702899.0,-3.113,,
sz002975,博杰股份,107.87,1563313554.0,2.305,,
sz002976,瑞玛精密,32.9,46105621.0,0.152,,
sz002977,*ST天箭,30.3,91098953.0,2.503,,
sz002978,安宁股份,31.41,57377918.0,-0.727,,
sz002979,雷赛智能,53.4,959283585.0,-0.946,,
sz002980,华盛昌,82.39,574490118.0,-3.219,,
sz002981,朝阳科技,25.37,34561173.0,-1.13,,
sz002982,湘佳股份,14.32,28892800.0,-1.783,,
sz002983,芯瑞达,23.49,27046999.0,-0.635,,
sz002984,森麒麟,16.19,117940391.0,-1.039,,
sz002985,北摩高科,35.09,182178044.0,-2.852,,
sz002986,宇新股份,13.65,37734278.0,-0.365,,
sz002987,京北方,15.38,77164615.0,-0.71,,
sz002988,豪美新材,33.68,64066876.0,-0.561,,
sz002989,中天精装,31.25,188950185.0,-3.131,,
sz002990,盛视科技,59.04,454981173.0,-1.633,,
sz002991,甘源食品,50.43,24526926.0,-0.767,,
sz002992,宝明科技,49.81,88621169.0,-0.638,,
sz002993,奥海科技,53.96,182659261.0,2.391,,
sz002995,天地在线,23.12,67957822.0,-1.112,,
sz002996,顺博合金,7.41,46124911.0,-1.594,,
sz002997,瑞鹄模具,35.04,186746964.0,-0.905,,
sz002998,优彩资源,9.9,52612341.0,-2.174,,
sz002999,天禾股份,7.22,52867703.0,-0.414,,
sz003000,劲仔食品,11.15,30160601.0,0.36,,
sz003001,中岩大地,17.83,45138350.0,-3.045,,
sz003002,壶化股份,26.9,39172037.0,-2.712,,
sz003003,天元股份,13.85,18704693.0,-0.859,,
sz003004,*ST声迅,41.83,64805363.0,3.925,,
sz003005,竞业达,18.06,18841550.0,-2.008,,
sz003006,百亚股份,17.44,51589545.0,-1.802,,
sz003007,直真科技,49.18,154093959.0,-2.614,,
sz003008,开普检测,23.32,13498614.0,-0.935,,
sz003009,中天火箭,65.28,249772295.0,-3.887,,
sz003010,若羽臣,29.56,123066390.0,1.025,,
sz003011,海象新材,23.99,30971128.0,0.251,,
sz003012,东鹏控股,5.67,60025019.0,1.25,,
sz003013,地铁设计,13.68,14079799.0,-0.798,,
sz003015,日久光电,14.81,57212758.0,-0.067,,
sz003016,欣贺股份,8.4,19166363.0,-1.754,,
sz003017,大洋生物,32.03,98097003.0,-0.497,,
sz003018,金富科技,47.33,334698340.0,-0.588,,
sz003019,宸展光电,34.5,73883001.0,-3.035,,
sz003020,立方制药,22.83,25616079.0,-2.644,,
sz003021,兆威机电,101.62,255176841.0,-0.81,,
sz003022,联泓新科,25.64,696010117.0,2.355,,
sz003023,彩虹集团,32.31,97385998.0,-3.235,,
sz003025,思进智能,14.26,36596951.0,-0.627,,
sz003026,中晶科技,49.99,555525616.0,4.146,,
sz003027,同兴科技,26.81,130426584.0,0.941,,
sz003028,振邦智能,28.55,20752484.0,-1.552,,
sz003029,吉大正元,21.72,29879130.0,-1.228,,
sz003030,祖名股份,24.19,103017782.0,1.853,,
sz003031,中瓷电子,152.64,1371641631.0,-0.935,,
sz003032,*ST传智,7.07,17724292.0,-1.395,,
sz003033,征和工业,55.12,40580000.0,-1.782,,
sz003035,南网能源,7.97,420920988.0,0.759,,
sz003036,泰坦股份,42.4,351082675.0,-0.563,,
sz003037,三和管桩,7.13,25981368.0,-2.195,,
sz003038,鑫铂股份,14.44,40025560.0,0.208,,
sz003039,顺控发展,14.56,34209224.0,-0.274,,
sz003040,楚天龙,15.11,24904944.0,-0.264,,
sz003041,真爱美家,66.17,261682955.0,-5.037,,
sz003042,中农联合,17.24,17407531.0,-0.806,,
sz003043,华亚智能,60.51,191524498.0,2.507,,
sz003816,中国广核,4.8,327797520.0,0.84,,
sz300001,特锐德,32.4,1092204034.0,7.143,,
sz300002,神州泰岳,9.88,162513579.0,-1.397,,
sz300003,乐普医疗,14.41,185063191.0,-1.973,,
sz300004,南风股份,14.67,409580087.0,8.506,,
sz300005,探路者,15.73,500062760.0,4.103,,
sz300006,莱美药业,6.64,221204749.0,0.912,,
sz300007,汉威科技,45.92,341124400.0,-1.056,,
sz300008,天海防务,7.85,362172118.0,-2.363,,
sz300009,安科生物,8.96,110935133.0,-2.077,,
sz300010,ST豆神,3.24,148438170.0,-2.115,,
sz300011,鼎汉技术,7.27,32488419.0,-1.491,,
sz300012,华测检测,15.95,153125849.0,-0.747,,
sz300013,新宁物流,4.64,74925538.0,-2.521,,
sz300014,亿纬锂能,68.3,3119709217.0,-2.512,,
sz300015,爱尔眼科,10.57,309085043.0,-1.307,,
sz300016,北陆药业,9.4,119698820.0,-3.093,,
sz300017,网宿科技,17.29,1420290065.0,-3.246,,
sz300018,中元股份,14.16,127040118.0,-1.117,,
sz300019,硅宝科技,18.31,44302128.0,-1.08,,
sz300020,ST银江,3.31,44035185.0,-1.194,,
sz300021,大禹节水,4.48,28422378.0,-1.538,,
sz300022,吉峰科技,8.88,95889643.0,-1.333,,
sz300024,机器人,15.37,204758581.0,-1.158,,
sz300025,华星创业,5.94,39075994.0,0.0,,
sz300026,红日药业,3.42,54796551.0,-1.441,,
sz300027,ST华谊,1.99,114411652.0,-0.995,,
sz300029,*ST天龙,0.0,0.0,0.0,,
sz300030,阳普医疗,8.4,40705842.0,-1.869,,
sz300031,宝通科技,24.25,130909236.0,0.124,,
sz300032,金龙机电,5.2,86665573.0,-2.072,,
sz300033,同花顺,252.57,2009530054.0,-0.976,,
sz300034,钢研高纳,20.77,254978384.0,-2.213,,
sz300035,中科电气,20.15,306385927.0,-1.994,,
sz300036,超图软件,15.41,73704145.0,-1.408,,
sz300037,新宙邦,65.18,1159857732.0,-2.861,,
sz300039,上海凯宝,5.82,26858871.0,-1.188,,
sz300040,九洲集团,7.94,402059561.0,4.063,,
sz300041,回天新材,11.88,119613754.0,0.338,,
sz300042,朗科科技,66.06,1604964881.0,-3.038,,
sz300043,星辉娱乐,5.7,138729676.0,-2.564,,
sz300044,*ST赛为,7.16,138861308.0,3.468,,
sz300045,华力创通,23.2,244334914.0,-2.11,,
sz300046,台基股份,33.8,106955575.0,0.148,,
sz300047,天源迪科,12.69,126080081.0,-1.78,,
sz300048,合康新能,6.43,56669229.0,-1.077,,
sz300049,福瑞医科,56.26,180068549.0,-2.513,,
sz300050,世纪鼎利,7.85,203538615.0,1.684,,
sz300051,琏升科技,16.48,237023405.0,0.365,,
sz300052,中青宝,14.97,335991521.0,-2.029,,
sz300053,航宇微,19.78,471528421.0,-1.739,,
sz300054,鼎龙股份,65.67,1520202536.0,-3.384,,
sz300055,万邦达,11.15,126880726.0,-2.364,,
sz300056,中创环保,11.35,216828114.0,-2.991,,
sz300057,万顺新材,9.01,381479820.0,-4.149,,
sz300058,蓝色光标,18.41,4441494451.0,-2.747,,
sz300059,东方财富,21.29,4982178047.0,0.047,,
sz300061,旗天科技,9.92,117014106.0,-0.998,,
sz300062,中能电气,8.16,218536782.0,3.422,,
sz300063,天龙集团,12.68,395914900.0,-1.705,,
sz300065,海兰信,25.26,1129701189.0,-4.787,,
sz300066,三川智慧,6.4,95396893.0,-2.588,,
sz300067,安诺其,7.1,526310604.0,-4.953,,
sz300068,ST南都,5.26,330092553.0,-5.225,,
sz300069,金利华电,0.0,0.0,0.0,,
sz300070,碧水源,3.91,58145450.0,-0.255,,
sz300071,福石控股,5.0,87585398.0,-1.768,,
sz300072,海新能科,4.5,78439383.0,-1.316,,
sz300073,当升科技,61.63,556760072.0,-1.487,,
sz300074,华平股份,4.51,39716131.0,0.222,,
sz300075,数字政通,14.3,129474006.0,0.21,,
sz300076,*ST宁视,5.02,34836965.0,1.414,,
sz300077,国民技术,25.33,742701251.0,0.357,,
sz300078,思创智联,4.04,58473555.0,-2.415,,
sz300079,数码视讯,5.98,201741215.0,1.701,,
sz300080,易成新能,4.5,77125582.0,0.223,,
sz300081,ST恒信,4.12,25818989.0,-1.199,,
sz300082,奥克股份,12.04,153841867.0,-2.273,,
sz300083,创世纪,10.48,872861414.0,0.191,,
sz300084,海默科技,13.13,258518732.0,3.712,,
sz300085,银之杰,42.45,1134441302.0,-2.054,,
sz300086,康芝药业,7.63,64384663.0,-2.054,,
sz300087,荃银高科,8.45,54469390.0,-0.938,,
sz300088,长信科技,7.3,428761635.0,0.137,,
sz300091,*ST金灵,3.1,23773208.0,0.0,,
sz300092,科新机电,17.18,52588684.0,0.703,,
sz300093,*ST金刚,22.47,61692650.0,1.171,,
sz300094,国联水产,3.17,35925519.0,-1.553,,
sz300095,华伍股份,11.35,237511370.0,1.611,,
sz300096,ST易联众,9.65,47756953.0,-2.427,,
sz300097,智云股份,11.33,65269721.0,0.177,,
sz300098,高新兴,6.23,495181002.0,3.833,,
sz300099,尤洛卡,9.5,96568538.0,-1.35,,
sz300100,双林股份,31.45,230671091.0,-1.101,,
sz300101,振芯科技,21.09,161342316.0,-2.542,,
sz300102,乾照光电,32.17,1070601859.0,-3.74,,
sz300103,达刚控股,8.67,48787080.0,-1.253,,
sz300105,龙源技术,6.88,19007304.0,-0.722,,
sz300106,西部牧业,13.56,124548739.0,-2.865,,
sz300107,建新股份,7.2,48548763.0,-2.703,,
sz300109,新开源,19.9,113268806.0,-1.728,,
sz300110,华仁药业,3.07,44537610.0,-1.917,,
sz300111,向日葵,4.08,45220052.0,-0.244,,
sz300112,万讯自控,8.54,24004996.0,-0.698,,
sz300113,顺网科技,27.72,537577128.0,-0.645,,
sz300115,长盈精密,36.04,1046562910.0,-1.179,,
sz300118,东方日升,18.9,925161182.0,-1.511,,
sz300119,瑞普生物,17.8,37769330.0,-1.657,,
sz300120,经纬辉开,7.62,60972924.0,0.528,,
sz300121,阳谷华泰,12.25,98835553.0,-3.391,,
sz300122,智飞生物,15.93,363178041.0,-3.161,,
sz300123,ST亚光,4.98,176287148.0,-0.2,,
sz300124,汇川技术,75.86,1770299063.0,-2.103,,
sz300125,*ST聆达,10.25,68122981.0,-1.82,,
sz300126,锐奇股份,8.38,29890589.0,1.699,,
sz300127,银河磁体,32.25,158961930.0,-2.832,,
sz300128,锦富技术,7.27,200216567.0,1.113,,
sz300129,泰胜风能,12.65,454128508.0,1.77,,
sz300130,新国都,23.03,85701472.0,-0.647,,
sz300131,英唐智控,19.0,2629937038.0,4.281,,
sz300132,青松股份,8.52,57958623.0,-1.73,,
sz300133,华策影视,9.53,1637504069.0,8.295,,
sz300134,大富科技,11.82,71483898.0,-0.085,,
sz300135,宝利国际,3.96,59868766.0,-2.463,,
sz300136,信维通信,111.07,6774331551.0,-3.894,,
sz300137,先河环保,18.5,305023873.0,-1.961,,
sz300138,晨光生物,11.33,25255275.0,-0.875,,
sz300139,晓程科技,57.01,1516661313.0,-1.876,,
sz300140,节能环境,6.69,84699277.0,1.517,,
sz300141,和顺电气,13.55,54704037.0,1.271,,
sz300142,沃森生物,15.78,2152278022.0,-1.375,,
sz300143,盈康生命,11.66,79751615.0,0.431,,
sz300144,宋城演艺,7.49,65854134.0,-0.266,,
sz300145,南方泵业,5.14,210696207.0,0.982,,
sz300146,汤臣倍健,10.58,89991154.0,-1.49,,
sz300147,*ST香雪,10.88,82468726.0,2.256,,
sz300148,天舟文化,4.25,94491196.0,-2.299,,
sz300149,睿智医药,10.0,74899649.0,-1.381,,
sz300150,世纪瑞尔,5.13,22924790.0,-1.346,,
sz300151,昌红科技,19.66,174364446.0,0.614,,
sz300152,*ST动力,1.95,17341569.0,-1.015,,
sz300153,科泰电源,30.27,202336635.0,-1.88,,
sz300154,瑞凌股份,10.2,82705580.0,1.493,,
sz300155,安居宝,5.32,57136862.0,0.377,,
sz300157,新锦动力,5.46,159102231.0,-4.878,,
sz300158,振东制药,5.77,35305415.0,-1.704,,
sz300159,*ST新研,4.09,194948236.0,1.238,,
sz300160,秀强股份,5.22,16570683.0,-0.571,,
sz300161,华中数控,38.26,207665530.0,-0.391,,
sz300162,雷曼光电,9.34,146404200.0,0.43,,
sz300163,先锋新材,4.48,24407470.0,-0.444,,
sz300164,通源石油,12.74,353123759.0,-2.599,,
sz300165,天瑞仪器,7.68,164618379.0,-2.908,,
sz300166,东方国信,18.76,1112132969.0,-1.677,,
sz300167,ST迪威迅,6.19,42542753.0,0.65,,
sz300168,万达信息,5.9,60905914.0,-1.993,,
sz300169,天晟新材,6.53,24230159.0,-0.457,,
sz300170,汉得信息,22.68,742789786.0,-2.283,,
sz300171,东富龙,13.13,55659310.0,-2.161,,
sz300172,中电环保,5.46,43107714.0,-0.546,,
sz300173,ST福能,4.13,40077836.0,-1.9,,
sz300174,元力股份,18.04,121982990.0,-2.381,,
sz300175,ST朗源,6.64,40134556.0,1.997,,
sz300176,鸿特科技,6.86,32495349.0,-1.437,,
sz300177,中海达,8.71,147208734.0,1.871,,
sz300179,四方达,26.72,664551380.0,-4.843,,
sz300180,华峰超纤,5.37,56687101.0,-1.105,,
sz300181,佐力药业,15.09,51014494.0,-0.198,,
sz300182,捷成股份,6.05,358002856.0,0.332,,
sz300183,东软载波,13.69,47105082.0,0.146,,
sz300184,力源信息,14.78,698099521.0,-1.598,,
sz300185,通裕重工,3.33,407411464.0,1.524,,
sz300187,永清环保,5.87,73279337.0,0.514,,
sz300188,国投智能,12.93,76838389.0,-1.598,,
sz300189,神农种业,6.09,236937319.0,-2.404,,
sz300190,维尔利,4.1,32208451.0,-1.914,,
sz300191,潜能恒信,36.38,170652792.0,-1.195,,
sz300192,科德教育,20.04,133847846.0,-3.048,,
sz300193,佳士科技,8.75,32742406.0,-1.242,,
sz300194,福安药业,4.14,21789492.0,-0.957,,
sz300195,长荣股份,6.86,25211332.0,-1.295,,
sz300196,长海股份,21.1,281456441.0,-2.495,,
sz300197,节能铁汉,1.68,43563072.0,-2.326,,
sz300198,*ST纳川,2.41,33476355.0,-2.823,,
sz300199,翰宇药业,20.16,245105401.0,-1.706,,
sz300200,高盟新材,10.32,110201127.0,0.194,,
sz300201,海伦哲,13.8,281663905.0,0.145,,
sz300203,聚光科技,14.24,152248851.0,1.86,,
sz300204,舒泰神,28.42,303050383.0,-1.932,,
sz300205,*ST天喻,5.98,23276386.0,2.573,,
sz300206,理邦仪器,14.76,81339468.0,-3.086,,
sz300207,欣旺达,26.54,818821983.0,-1.74,,
sz300209,行云科技,25.97,2188084493.0,11.94,,
sz300210,森远股份,10.08,60579805.0,-2.041,,
sz300211,*ST亿通,9.2,10873064.0,-0.109,,
sz300212,*ST易录,6.53,117169737.0,2.673,,
sz300213,佳讯飞鸿,8.51,53431687.0,-0.931,,
sz300214,日科化学,8.89,110178610.0,-3.37,,
sz300215,电科院,9.41,429250518.0,6.448,,
sz300217,东方电热,5.57,268656415.0,3.532,,
sz300218,安利股份,15.11,22047256.0,-0.983,,
sz300219,鸿利智汇,7.93,70475852.0,-1.368,,
sz300220,金运激光,14.76,13284248.0,-1.469,,
sz300221,银禧科技,11.39,108878606.0,-2.566,,
sz300222,科大智能,12.65,333976281.0,-2.692,,
sz300223,北京君正,148.49,2575407025.0,1.65,,
sz300224,正海磁材,13.57,188915779.0,-2.092,,
sz300225,*ST金泰,6.76,81712679.0,2.58,,
sz300226,上海钢联,25.46,81404886.0,-1.126,,
sz300227,光韵达,11.91,119599156.0,1.448,,
sz300228,富瑞特装,9.94,515606832.0,4.084,,
sz300229,拓尔思,19.37,201229689.0,-1.425,,
sz300230,永利股份,5.07,27343744.0,-0.783,,
sz300231,银信科技,11.35,76817173.0,0.177,,
sz300232,洲明科技,6.42,80502781.0,-1.231,,
sz300233,金城医药,16.05,67258290.0,-1.231,,
sz300234,开尔新材,8.25,206463924.0,7.004,,
sz300235,方直科技,14.03,58379946.0,-1.544,,
sz300236,上海新阳,98.99,767558234.0,3.362,,
sz300237,ST美晨,2.32,19080596.0,0.0,,
sz300238,冠昊生物,14.19,47886613.0,-2.34,,
sz300239,东宝生物,5.51,24355921.0,-1.783,,
sz300240,飞力达,6.83,15577685.0,-1.727,,
sz300241,瑞丰光电,7.21,130500550.0,-0.139,,
sz300242,佳云科技,4.98,31082571.0,-0.797,,
sz300243,瑞丰高材,17.92,190315092.0,-0.444,,
sz300244,迪安诊断,20.48,439354119.0,-3.03,,
sz300245,ST天玑,7.68,120176298.0,-4.359,,
sz300246,宝莱特,20.15,166427178.0,-2.184,,
sz300247,融捷健康,4.64,81250946.0,-3.534,,
sz300248,新开普,9.99,37534597.0,-1.285,,
sz300249,依米康,18.84,647598069.0,2.336,,
sz300250,初灵信息,20.4,67176977.0,-2.486,,
sz300251,光线传媒,14.57,315098473.0,-0.884,,
sz300252,金信诺,17.4,976379006.0,5.455,,
sz300253,卫宁健康,9.29,563926481.0,-2.926,,
sz300254,仟源医药,14.49,108153842.0,-0.753,,
sz300255,常山药业,44.52,584409237.0,-3.238,,
sz300256,星星科技,3.43,67751908.0,0.292,,
sz300257,开山股份,36.75,329253417.0,4.108,,
sz300258,精锻科技,13.52,183251141.0,-1.025,,
sz300259,新天科技,4.45,19701282.0,-0.891,,
sz300260,新莱应材,57.88,1409606862.0,5.91,,
sz300261,雅本化学,5.94,45843249.0,-1.98,,
sz300263,隆华科技,11.21,238264719.0,-1.925,,
sz300264,佳创视讯,10.35,260092677.0,12.256,,
sz300265,通光线缆,23.22,2082933912.0,20.0,,
sz300266,兴源环境,2.21,29429116.0,-0.45,,
sz300267,尔康制药,4.93,700103010.0,9.071,,
sz300268,*ST佳沃,0.0,0.0,0.0,,
sz300269,联建光电,6.26,76357700.0,-2.795,,
sz300270,中威电子,14.44,114540937.0,-1.164,,
sz300271,华宇软件,6.65,27549488.0,-1.189,,
sz300272,开能健康,7.49,28080483.0,-1.187,,
sz300274,阳光电源,143.88,3562086628.0,0.37,,
sz300275,梅安森,11.27,35534875.0,-1.227,,
sz300276,三丰智能,7.28,106438032.0,-0.682,,
sz300277,汽轮科技,17.87,332635696.0,-1.271,,
sz300278,华昌达,4.96,61610567.0,-1.195,,
sz300279,和晶科技,7.73,54345363.0,-2.028,,
sz300281,金明精机,7.51,26256081.0,-1.702,,
sz300283,温州宏丰,18.19,1692626890.0,14.547,,
sz300284,苏交科,6.86,37442374.0,-1.153,,
sz300285,国瓷材料,39.6,1232536293.0,2.299,,
sz300286,安科瑞,25.57,59346118.0,0.196,,
sz300287,飞利信,4.81,254535779.0,2.34,,
sz300288,朗玛信息,12.54,27591034.0,-1.647,,
sz300289,利德曼,6.78,39343110.0,-3.143,,
sz300290,荣科科技,15.99,208821002.0,-2.441,,
sz300291,百纳千成,6.4,66581408.0,-0.929,,
sz300292,吴通控股,7.34,2105064392.0,19.935,,
sz300293,蓝英装备,19.57,93567357.0,-0.407,,
sz300294,博雅生物,17.64,37036499.0,-1.176,,
sz300295,*ST三六,12.71,70927162.0,4.095,,
sz300296,利亚德,6.67,330654628.0,-2.056,,
sz300298,三诺生物,17.04,46826827.0,-1.217,,
sz300299,富春股份,6.27,47074492.0,-0.791,,
sz300300,海峡创新,13.38,452191436.0,-0.668,,
sz300301,ST长方,3.58,16955727.0,-0.279,,
sz300302,同有科技,44.1,3359085412.0,3.521,,
sz300303,聚飞光电,10.84,1084966507.0,1.214,,
sz300304,云意电气,13.12,81005925.0,0.076,,
sz300305,裕兴股份,6.76,15990059.0,-0.588,,
sz300306,远方信息,12.79,20778956.0,-1.006,,
sz300307,慈星股份,7.21,40896899.0,-0.552,,
sz300308,中际旭创,999.59,19992608668.0,6.325,,
sz300310,宜通世纪,6.43,532620314.0,8.432,,
sz300311,ST任子行,5.65,31256147.0,0.0,,
sz300313,*ST天山,9.1,8036720.0,-0.438,,
sz300314,戴维医疗,11.69,20407924.0,-1.016,,
sz300315,掌趣科技,5.1,136693824.0,-1.163,,
sz300316,晶盛机电,48.48,964634343.0,1.657,,
sz300317,珈伟新能,5.9,828366169.0,8.456,,
sz300318,博晖创新,5.7,51778699.0,-3.553,,
sz300319,麦捷科技,13.44,318216726.0,0.373,,
sz300320,海达股份,9.78,50954901.0,-1.906,,
sz300321,同大股份,45.98,125390429.0,-1.457,,
sz300322,硕贝德,32.44,944120041.0,-3.164,,
sz300323,华灿光电,13.91,866799736.0,-0.144,,
sz300324,旋极信息,5.17,123521857.0,-1.711,,
sz300326,ST凯利,7.1,34474545.0,-1.389,,
sz300327,中颖电子,28.01,152759664.0,-1.13,,
sz300328,宜安科技,17.77,308108353.0,-1.986,,
sz300329,海伦钢琴,13.95,31655304.0,-2.516,,
sz300331,苏大维格,57.5,440318909.0,1.968,,
sz300332,天壕能源,5.56,68193056.0,-1.068,,
sz300333,兆日科技,11.06,361260497.0,7.797,,
sz300334,津膜科技,8.6,35300552.0,1.176,,
sz300335,迪森股份,6.98,166045217.0,3.102,,
sz300337,银邦股份,14.62,532708321.0,-3.942,,
sz300338,*ST开元,3.56,10584626.0,-1.385,,
sz300339,润和软件,46.96,936270398.0,-2.126,,
sz300340,科恒股份,11.33,33992264.0,-2.243,,
sz300341,麦克奥迪,15.58,30851390.0,-0.701,,
sz300342,天银机电,61.89,1906373096.0,-4.931,,
sz300343,ST联创,7.19,98273613.0,0.279,,
sz300345,华民股份,7.24,97557235.0,-1.362,,
sz300346,南大光电,55.45,1447634653.0,-1.91,,
sz300347,泰格医药,51.7,212798401.0,-1.336,,
sz300348,长亮科技,12.06,75875157.0,0.083,,
sz300349,金卡智能,14.31,121681850.0,-1.852,,
sz300350,华鹏飞,5.35,31309662.0,-1.473,,
sz300351,永贵电器,26.72,479799871.0,-1.765,,
sz300352,ST信源,3.7,177683318.0,-3.394,,
sz300353,东土科技,19.89,146524436.0,-0.5,,
sz300354,东华测试,37.83,70093919.0,-2.751,,
sz300355,蒙草生态,3.64,35740314.0,-1.087,,
sz300357,我武生物,25.63,118452806.0,-1.119,,
sz300358,楚天科技,9.75,95552392.0,-2.108,,
sz300359,全通教育,4.91,18650110.0,-1.996,,
sz300360,炬华科技,14.84,56203903.0,-1.198,,
sz300363,博腾股份,21.19,136454962.0,-0.703,,
sz300364,中文在线,30.73,669932785.0,-1.158,,
sz300365,恒华科技,6.15,53370674.0,0.49,,
sz300366,ST创意,5.78,22714250.0,-1.533,,
sz300368,汇金股份,12.6,306815377.0,-2.098,,
sz300369,绿盟科技,7.66,92934108.0,-2.046,,
sz300370,安控科技,2.6,31615947.0,-0.763,,
sz300371,汇中股份,13.65,12866759.0,-1.159,,
sz300373,扬杰科技,76.61,948827893.0,-1.441,,
sz300374,中铁装配,14.09,15296003.0,-1.261,,
sz300375,鹏翎股份,4.96,32922004.0,-0.601,,
sz300376,易事特,6.05,71009330.0,-1.144,,
sz300377,赢时胜,17.99,230453970.0,-0.936,,
sz300378,鼎捷数智,42.59,239618613.0,-2.159,,
sz300380,安硕信息,37.44,68612896.0,-0.505,,
sz300381,溢多利,7.33,56742379.0,1.103,,
sz300382,斯莱克,16.9,309336509.0,2.238,,
sz300383,光环新网,16.65,1060546859.0,-3.029,,
sz300384,三联虹普,14.34,29046558.0,-1.848,,
sz300385,ST雪浪,15.9,128207136.0,-2.574,,
sz300386,飞天诚信,13.23,39279164.0,-0.076,,
sz300387,富邦科技,9.07,26996330.0,-1.413,,
sz300388,节能国祯,8.6,39794578.0,1.415,,
sz300389,艾比森,16.06,85763515.0,-2.073,,
sz300390,天华新能,101.37,4338830435.0,-3.915,,
sz300393,中来股份,12.55,898271559.0,1.128,,
sz300394,天孚通信,345.26,10400707549.0,4.019,,
sz300395,菲利华,135.32,4182047453.0,2.944,,
sz300396,ST迪瑞,8.38,25565167.0,-0.119,,
sz300397,天和防务,13.63,154181505.0,-1.517,,
sz300398,飞凯材料,38.44,1690898534.0,0.866,,
sz300399,天利科技,23.46,63029853.0,-0.761,,
sz300400,劲拓股份,31.86,244347413.0,0.0,,
sz300401,花园生物,14.5,330965289.0,2.619,,
sz300402,宝色股份,19.11,26448682.0,-1.393,,
sz300403,汉宇集团,11.69,73367306.0,-0.932,,
sz300404,博济医药,10.94,85073518.0,-1.795,,
sz300405,科隆股份,7.22,34409766.0,0.0,,
sz300406,九强生物,13.21,37450901.0,-1.565,,
sz300407,凯发电气,13.81,54942000.0,0.509,,
sz300408,三环集团,88.57,966676136.0,0.397,,
sz300409,道氏技术,26.49,780577213.0,-4.299,,
sz300410,正业科技,10.05,68873307.0,-1.567,,
sz300411,金盾股份,10.29,22997775.0,-1.248,,
sz300412,迦南科技,5.26,33022898.0,-1.128,,
sz300413,芒果超媒,20.02,120236135.0,-0.989,,
sz300414,中光防雷,13.87,248985386.0,-8.388,,
sz300415,伊之密,26.76,200757051.0,2.137,,
sz300416,苏试试验,17.2,185025546.0,-2.935,,
sz300417,南华仪器,15.4,57279521.0,-1.597,,
sz300418,昆仑万维,53.08,1309446611.0,-1.94,,
sz300419,ST浩丰,7.12,32904272.0,-0.28,,
sz300420,五洋自控,4.32,326604515.0,3.103,,
sz300421,力星股份,26.71,244851322.0,-1.111,,
sz300422,博世科,5.91,88467491.0,1.897,,
sz300423,昇辉科技,8.11,49671343.0,-0.123,,
sz300424,航新科技,19.58,166774290.0,-1.111,,
sz300425,中建环能,4.91,19838777.0,-1.8,,
sz300426,华智数媒,7.18,25198433.0,-1.238,,
sz300427,红相股份,11.92,508772012.0,6.239,,
sz300428,立中集团,22.17,108926888.0,-0.045,,
sz300429,强力新材,14.99,152100077.0,-1.898,,
sz300430,*ST益通,6.75,253367155.0,-7.407,,
sz300432,富临精工,27.51,877042438.0,2.841,,
sz300433,蓝思科技,30.35,2305032481.0,-1.525,,
sz300434,金石亚药,11.57,103492863.0,-3.099,,
sz300435,中泰股份,22.3,200654507.0,-3.17,,
sz300436,广生堂,118.99,430199397.0,-0.218,,
sz300437,清水源,16.56,112537686.0,-2.012,,
sz300438,鹏辉能源,90.67,2007593719.0,2.626,,
sz300439,美康生物,10.33,30724540.0,-2.547,,
sz300440,运达科技,18.21,351313394.0,-5.008,,
sz300441,鲍斯股份,7.02,16994100.0,-1.266,,
sz300442,润泽科技,93.29,4168518853.0,-4.719,,
sz300443,金雷股份,30.49,222652736.0,-2.557,,
sz300444,双杰电气,18.1,2005401720.0,12.422,,
sz300445,康斯特,24.04,53498007.0,-0.083,,
sz300446,航天智造,19.37,109657410.0,-2.122,,
sz300447,全信股份,20.58,150535644.0,0.981,,
sz300448,浩云科技,8.19,113839723.0,1.111,,
sz300449,汉邦高科,11.47,83891580.0,19.979,,
sz300450,先导智能,54.48,2005293656.0,-3.66,,
sz300451,创业慧康,4.47,46238481.0,-0.887,,
sz300452,山河药辅,14.07,27956217.0,-0.776,,
sz300453,三鑫医疗,10.38,73594016.0,-1.143,,
sz300454,深信服,132.51,1637944196.0,2.594,,
sz300455,航天智装,27.92,227900963.0,-1.725,,
sz300456,赛微电子,49.32,1242364473.0,-2.856,,
sz300457,赢合科技,27.89,212147110.0,-2.175,,
sz300458,全志科技,37.08,654359416.0,-0.856,,
sz300459,汤姆猫,4.31,214845837.0,-0.462,,
sz300460,ST惠伦,10.63,114059994.0,3.104,,
sz300461,田中精机,56.87,370634417.0,-6.263,,
sz300462,ST华铭,13.96,19673052.0,-2.104,,
sz300463,迈克生物,10.93,77513160.0,-2.585,,
sz300464,星徽股份,8.48,67889049.0,0.832,,
sz300465,高伟达,15.59,205967756.0,1.564,,
sz300466,赛摩智能,9.14,39957048.0,-1.615,,
sz300467,迅游科技,40.93,165786802.0,-2.871,,
sz300468,四方精创,29.18,252500639.0,-0.545,,
sz300469,信息发展,62.29,285273476.0,0.809,,
sz300470,中密控股,33.7,63684469.0,-0.97,,
sz300471,厚普股份,11.98,93317954.0,-0.25,,
sz300472,*ST新元,9.23,54421374.0,2.102,,
sz300473,德尔股份,34.03,52503211.0,-1.959,,
sz300474,景嘉微,67.23,429411996.0,-0.385,,
sz300475,香农芯创,187.43,4545441880.0,-3.177,,
sz300476,胜宏科技,374.03,10420916723.0,-1.113,,
sz300477,ST合纵,3.31,216496234.0,5.751,,
sz300478,杭州高新,36.29,160392126.0,3.953,,
sz300479,神思电子,17.37,28001837.0,-1.026,,
sz300480,光力科技,38.95,519476743.0,-2.381,,
sz300481,濮阳惠成,14.82,44272816.0,-1.594,,
sz300482,万孚生物,19.6,131451922.0,-3.543,,
sz300483,首华燃气,20.55,270391360.0,-2.282,,
sz300484,蓝海华腾,16.8,27405686.0,-1.176,,
sz300485,赛升药业,10.67,43693908.0,-2.289,,
sz300486,东杰智能,23.67,243685802.0,3.182,,
sz300487,蓝晓科技,62.68,99418313.0,-0.76,,
sz300488,恒锋工具,38.79,310044352.0,-0.995,,
sz300489,光智科技,131.0,841394469.0,2.424,,
sz300490,华自科技,20.07,205596069.0,-0.84,,
sz300491,通合科技,28.42,82332247.0,-0.976,,
sz300492,华图山鼎,50.44,85010795.0,-2.134,,
sz300493,润欣科技,16.93,163405432.0,-1.855,,
sz300494,盛天网络,11.21,47985981.0,-1.407,,
sz300496,中科创达,66.63,436116804.0,-0.433,,
sz300497,富祥药业,17.44,351859307.0,-3.326,,
sz300498,温氏股份,15.7,431489842.0,-2.363,,
sz300499,高澜股份,43.54,789999101.0,-1.871,,
sz300500,启迪设计,12.35,51286960.0,0.162,,
sz300501,海顺新材,14.68,67756086.0,-0.744,,
sz300502,新易盛,594.75,19573902873.0,5.508,,
sz300503,昊志机电,69.2,1067692407.0,-4.945,,
sz300504,天邑股份,18.66,101814126.0,-0.427,,
sz300505,川金诺,25.6,320153647.0,-2.29,,
sz300506,ST名家汇,5.09,28162429.0,-1.737,,
sz300507,苏奥传感,9.12,169370230.0,-2.564,,
sz300508,维宏股份,39.14,77690213.0,2.327,,
sz300509,新美星,11.51,31955461.0,-2.126,,
sz300510,金冠股份,4.29,60487464.0,0.468,,
sz300511,雪榕生物,7.21,137639518.0,-2.83,,
sz300512,中亚股份,9.39,14782930.0,-0.949,,
sz300513,恒实科技,9.32,36991143.0,-0.534,,
sz300514,友讯达,12.76,15136069.0,0.631,,
sz300515,三德科技,17.38,21398435.0,-1.025,,
sz300516,久之洋,55.88,119178967.0,-2.546,,
sz300517,海波重科,12.2,45425450.0,-1.613,,
sz300518,新迅达,28.34,578794940.0,-9.399,,
sz300519,新光药业,16.37,22155106.0,-2.327,,
sz300520,科大国创,37.91,525579109.0,-3.831,,
sz300521,爱司凯,29.51,44909567.0,-1.895,,
sz300522,世名科技,13.44,36454633.0,-1.754,,
sz300523,辰安科技,21.44,46650965.0,-2.855,,
sz300525,博思软件,10.19,73223231.0,-1.451,,
sz300527,ST应急,8.06,26035270.0,-0.248,,
sz300528,幸福蓝海,15.78,108460566.0,0.51,,
sz300529,健帆生物,19.88,56207602.0,-0.6,,
sz300530,领湃科技,24.7,36576525.0,-0.403,,
sz300531,优博讯,20.87,242305694.0,0.144,,
sz300532,今天国际,8.2,89728658.0,1.737,,
sz300533,冰川网络,27.91,96434246.0,-2.036,,
sz300534,陇神戎发,9.17,38092922.0,-2.343,,
sz300535,达威股份,18.91,16896553.0,-1.047,,
sz300536,农尚环境,13.06,289924081.0,-2.026,,
sz300537,广信材料,26.26,270498626.0,1.665,,
sz300538,同益股份,16.62,43710975.0,-1.599,,
sz300539,横河精密,34.0,713288777.0,1.553,,
sz300540,蜀道装备,30.3,311741046.0,-5.253,,
sz300541,先进数通,12.82,63231511.0,-0.851,,
sz300542,新晨科技,16.25,80759608.0,2.394,,
sz300543,朗科智能,9.73,21014452.0,-1.618,,
sz300545,联得装备,34.68,130246551.0,-0.773,,
sz300546,雄帝科技,22.63,161437707.0,-0.963,,
sz300547,川环科技,40.83,257296479.0,-1.614,,
sz300548,长芯博创,275.54,2337971339.0,-0.047,,
sz300549,优德精密,18.63,26447115.0,0.054,,
sz300550,和仁科技,13.3,39077981.0,-1.335,,
sz300551,古鳌科技,15.36,111924113.0,-3.335,,
sz300552,万集科技,28.65,99799175.0,0.845,,
sz300553,集智股份,55.23,102129556.0,-0.415,,
sz300554,三超新材,27.53,63366941.0,0.182,,
sz300555,ST路通,14.75,43639201.0,2.006,,
sz300556,丝路视觉,20.76,41943395.0,-0.67,,
sz300557,理工光科,39.1,118054569.0,0.359,,
sz300558,贝达药业,52.83,305260540.0,-0.938,,
sz300559,佳发教育,12.3,76645730.0,-2.381,,
sz300560,中富通,17.16,122291498.0,-0.867,,
sz300561,*ST汇科,18.47,104701525.0,-1.071,,
sz300562,乐心医疗,14.22,39516408.0,-1.999,,
sz300563,神宇股份,33.93,88046079.0,0.355,,
sz300564,筑博设计,17.18,32015656.0,1.657,,
sz300565,科信技术,13.14,110280458.0,1.782,,
sz300566,激智科技,20.43,64570258.0,-1.161,,
sz300567,精测电子,164.4,1265679302.0,5.385,,
sz300568,星源材质,17.71,834931748.0,1.723,,
sz300569,天能重工,6.33,104694861.0,0.636,,
sz300570,太辰光,179.91,3756381917.0,0.621,,
sz300571,平治信息,56.68,644952755.0,-1.683,,
sz300572,安车检测,35.73,225873328.0,2.968,,
sz300573,兴齐眼药,68.14,264521423.0,-2.518,,
sz300575,中旗股份,6.77,36864774.0,-1.456,,
sz300576,容大感光,39.78,457073849.0,2.605,,
sz300577,开润股份,21.13,36101880.0,1.004,,
sz300578,会畅科技,21.89,95096298.0,-1.839,,
sz300579,数字认证,27.46,40571898.0,-0.974,,
sz300580,贝斯特,29.15,132963062.0,-1.287,,
sz300581,晨曦航空,12.95,76641802.0,-2.19,,
sz300582,英飞特,15.73,178251874.0,-2.661,,
sz300583,赛托生物,15.47,34189992.0,-2.336,,
sz300584,海辰药业,41.18,92906999.0,-3.56,,
sz300585,奥联电子,21.99,202502658.0,3.922,,
sz300586,美联新材,11.95,212428730.0,-3.239,,
sz300587,天铁科技,6.43,89459415.0,-0.464,,
sz300588,熙菱信息,22.35,69801723.0,-3.163,,
sz300589,江龙船艇,16.33,155838349.0,-3.086,,
sz300590,移为通信,15.41,323142948.0,0.195,,
sz300591,万里马,8.51,117302032.0,0.118,,
sz300592,华凯易佰,14.78,82960871.0,0.0,,
sz300593,新雷能,29.68,675749480.0,2.663,,
sz300594,ST朗进,19.85,39551140.0,-1.244,,
sz300595,欧普康视,14.09,54528199.0,-1.469,,
sz300596,利安隆,44.03,106690300.0,-2.242,,
sz300597,吉大通信,10.04,29447539.0,-0.1,,
sz300598,诚迈科技,38.69,127152643.0,-1.175,,
sz300599,雄塑科技,13.05,128418734.0,-4.326,,
sz300600,国瑞科技,12.82,50312625.0,-1.762,,
sz300601,康泰生物,15.12,255174911.0,-2.89,,
sz300602,飞荣达,36.53,417572363.0,-2.378,,
sz300603,立昂技术,10.55,137183246.0,-2.855,,
sz300604,长川科技,213.59,3366743264.0,-2.207,,
sz300605,恒锋信息,13.11,18251600.0,-2.383,,
sz300606,金太阳,38.49,286496445.0,-4.015,,
sz300607,拓斯达,31.84,593455147.0,0.919,,
sz300608,思特奇,13.35,88007123.0,-0.964,,
sz300609,汇纳科技,43.43,153881953.0,1.519,,
sz300610,晨化股份,12.27,22175939.0,-1.761,,
sz300611,美力科技,25.14,63761270.0,-0.789,,
sz300612,宣亚国际,15.44,32172129.0,-1.468,,
sz300613,富瀚微,60.92,522626172.0,-1.9,,
sz300614,百川畅银,13.87,18402306.0,-0.502,,
sz300615,欣天科技,14.43,28089867.0,-1.029,,
sz300616,尚品宅配,17.1,251057578.0,-2.786,,
sz300617,安靠智电,64.63,493555196.0,0.279,,
sz300618,寒锐钴业,44.0,703353995.0,-7.016,,
sz300619,金银河,49.59,307573796.0,1.556,,
sz300620,光库科技,264.66,2772160609.0,-0.451,,
sz300621,维业股份,9.06,12096498.0,-0.658,,
sz300622,博士眼镜,25.4,78819689.0,-1.589,,
sz300623,捷捷微电,31.39,600939297.0,1.982,,
sz300624,万兴科技,69.23,349613651.0,-2.093,,
sz300625,三雄极光,12.04,11109047.0,-0.66,,
sz300626,华瑞股份,33.79,331003443.0,14.542,,
sz300627,华测导航,32.91,183979427.0,-1.614,,
sz300628,亿联网络,38.84,212049697.0,0.103,,
sz300629,新劲刚,26.21,158001489.0,-2.529,,
sz300631,久吾高科,30.04,66712271.0,-2.499,,
sz300632,光莆股份,26.24,1217660244.0,4.918,,
sz300633,开立医疗,23.79,38861499.0,-1.163,,
sz300634,彩讯股份,24.36,137227080.0,-1.853,,
sz300635,中达安,15.38,49522807.0,-2.038,,
sz300636,同和药业,7.71,24769178.0,-2.033,,
sz300637,扬帆新材,10.99,34640960.0,-3.257,,
sz300638,广和通,23.54,205204132.0,-1.589,,
sz300639,凯普生物,7.01,305798009.0,-3.709,,
sz300640,德艺文创,8.09,63223528.0,1.252,,
sz300641,正丹股份,17.23,116061630.0,-1.935,,
sz300642,透景生命,16.44,46992582.0,-4.696,,
sz300643,万通智控,18.6,35193213.0,-1.221,,
sz300644,南京聚隆,28.97,31040750.0,-1.996,,
sz300645,正元智慧,16.77,24382685.0,-1.062,,
sz300647,超频三,6.97,40816481.0,-1.414,,
sz300648,星云股份,50.3,58082809.0,-0.258,,
sz300649,杭州园林,20.7,68906316.0,1.025,,
sz300650,太龙股份,16.76,57169265.0,-1.874,,
sz300651,金陵体育,32.57,269314299.0,-0.852,,
sz300652,雷迪克,47.16,120969669.0,-1.277,,
sz300653,正海生物,18.22,24096946.0,-2.096,,
sz300654,世纪天鸿,11.76,72259237.0,0.341,,
sz300655,晶瑞电材,15.63,304702303.0,-1.326,,
sz300656,民德电子,30.03,105730967.0,1.453,,
sz300657,弘信电子,37.51,818340731.0,-2.95,,
sz300658,延江股份,21.23,284619336.0,-5.854,,
sz300659,中孚信息,13.22,26786098.0,-0.751,,
sz300660,江苏雷利,44.77,206957311.0,-0.445,,
sz300661,圣邦股份,98.72,1607087669.0,0.325,,
sz300662,科锐国际,25.15,69382979.0,-0.317,,
sz300663,科蓝软件,10.01,263371892.0,2.561,,
sz300664,鹏鹞环保,5.54,36174885.0,-1.947,,
sz300665,飞鹿股份,9.2,40216127.0,-1.393,,
sz300666,江丰电子,181.54,1170059593.0,-1.87,,
sz300667,必创科技,18.92,113370256.0,-2.374,,
sz300668,杰恩股份,66.13,190248624.0,-2.406,,
sz300669,沪宁股份,33.61,21353512.0,-0.943,,
sz300670,大烨智能,7.25,31353205.0,0.416,,
sz300671,富满微,53.2,522525204.0,-0.075,,
sz300672,国科微,235.96,1391268936.0,0.195,,
sz300673,佩蒂股份,15.87,20056860.0,-1.49,,
sz300674,宇信科技,19.25,167262453.0,-0.977,,
sz300675,建科院,16.6,43149595.0,1.096,,
sz300676,华大基因,42.98,326235147.0,-4.276,,
sz300677,英科医疗,53.59,441982357.0,3.556,,
sz300678,中科信息,29.23,83827071.0,-1.35,,
sz300679,电连技术,51.31,459122238.0,-1.137,,
sz300680,隆盛科技,42.99,179419119.0,-1.104,,
sz300681,英搏尔,32.57,181831652.0,-2.192,,
sz300682,朗新科技,14.68,106683764.0,-1.344,,
sz300683,海特生物,38.45,321413580.0,5.17,,
sz300684,中石科技,63.7,480617244.0,-2.644,,
sz300685,艾德生物,20.38,69716650.0,-1.212,,
sz300686,智动力,17.65,124675965.0,-2.162,,
sz300687,赛意信息,30.72,511736904.0,1.722,,
sz300688,创业黑马,27.59,69988930.0,-1.885,,
sz300689,澄天伟业,57.39,57096266.0,0.297,,
sz300690,双一科技,29.86,95065555.0,0.471,,
sz300691,联合光电,17.27,46419321.0,-1.088,,
sz300692,中赋科技,8.58,71023326.0,-1.493,,
sz300693,盛弘股份,63.32,1135422322.0,6.725,,
sz300694,蠡湖股份,12.65,29111202.0,-0.706,,
sz300695,兆丰股份,71.18,42718704.0,-1.861,,
sz300696,爱乐达,43.33,218068315.0,0.301,,
sz300697,电工合金,17.09,110246988.0,-1.385,,
sz300698,万马科技,38.51,97299354.0,-1.332,,
sz300699,光威复材,35.62,557538537.0,-2.704,,
sz300700,岱勒新材,19.14,112866294.0,-0.726,,
sz300701,森霸传感,12.09,27353022.0,-1.064,,
sz300702,天宇股份,20.47,32023787.0,-2.245,,
sz300703,创源股份,18.8,76228231.0,-2.641,,
sz300705,九典制药,12.89,39357960.0,-1.903,,
sz300706,阿石创,47.95,404687655.0,-1.963,,
sz300707,威唐工业,15.6,58932822.0,0.84,,
sz300708,聚灿光电,9.33,140033177.0,0.323,,
sz300709,精研科技,45.32,212567820.0,2.604,,
sz300710,万隆光电,33.28,63232609.0,-0.746,,
sz300711,广哈通信,21.61,46437290.0,-0.552,,
sz300712,永福股份,27.02,36174644.0,0.26,,
sz300713,英可瑞,18.22,30543142.0,-1.99,,
sz300715,凯伦股份,15.32,118897063.0,2.133,,
sz300716,*ST泉为,16.46,67414258.0,-3.347,,
sz300717,华信新材,21.93,17918899.0,-1.438,,
sz300718,长盛轴承,78.56,629793597.0,1.133,,
sz300719,安达维尔,15.32,45851805.0,-2.42,,
sz300720,海川智能,74.75,961997042.0,9.524,,
sz300721,怡达股份,20.88,215063598.0,-3.823,,
sz300722,新余国科,28.43,52977254.0,-2.168,,
sz300723,一品红,43.21,477096720.0,0.911,,
sz300724,捷佳伟创,94.11,868009861.0,-0.832,,
sz300725,药石科技,40.5,207313333.0,-0.516,,
sz300726,宏达电子,54.96,429009771.0,-0.453,,
sz300727,润禾材料,34.09,62803875.0,-2.6,,
sz300729,乐歌股份,12.64,16007858.0,-1.404,,
sz300730,科创信息,15.15,187012155.0,-3.442,,
sz300731,科创新源,75.7,283066874.0,-1.278,,
sz300732,设研院,7.76,41914416.0,-1.896,,
sz300733,西菱动力,20.2,170716829.0,0.798,,
sz300735,光弘科技,21.39,104226787.0,-1.746,,
sz300736,百邦科技,48.19,611327351.0,19.995,,
sz300737,科顺股份,7.76,157300992.0,1.571,,
sz300738,奥飞数据,25.94,871205633.0,-2.15,,
sz300739,明阳电路,29.8,355739371.0,-1.618,,
sz300740,水羊股份,27.47,261955856.0,2.462,,
sz300741,华宝股份,16.73,14252141.0,-0.357,,
sz300743,天地数码,19.88,20919408.0,-0.201,,
sz300745,欣锐科技,45.99,243015074.0,3.604,,
sz300746,汉嘉数智,13.66,98247364.0,-4.676,,
sz300747,锐科激光,38.58,663749219.0,0.863,,
sz300748,金力永磁,35.75,1205433913.0,-3.352,,
sz300749,顶固集创,25.54,167976041.0,-3.55,,
sz300750,宁德时代,438.46,5678353102.0,-1.715,,
sz300751,迈为股份,280.22,2446161744.0,-1.98,,
sz300752,隆利科技,20.29,44149403.0,-1.6,,
sz300753,爱朋医疗,28.53,51945879.0,-1.314,,
sz300755,华致酒行,15.47,67204425.0,-2.582,,
sz300756,金马游乐,53.55,130404280.0,-1.309,,
sz300757,罗博特科,516.8,1953820599.0,0.878,,
sz300758,七彩化学,13.91,88064013.0,-2.727,,
sz300759,康龙化成,27.57,397818566.0,-1.501,,
sz300760,迈瑞医疗,167.57,530882637.0,-0.969,,
sz300761,立华股份,21.44,95819145.0,-3.423,,
sz300762,上海瀚讯,46.79,1260931338.0,-2.845,,
sz300763,锦浪科技,103.45,697334456.0,0.534,,
sz300765,新诺威,33.23,198015416.0,1.964,,
sz300766,每日互动,31.0,354327991.0,-2.27,,
sz300767,震安科技,24.73,148688080.0,-1.826,,
sz300768,迪普科技,18.02,38449511.0,-1.098,,
sz300769,德方纳米,77.32,1544145462.0,-3.699,,
sz300770,新媒股份,39.32,31202758.0,-0.932,,
sz300771,智莱科技,14.21,45325149.0,-0.837,,
sz300772,运达股份,17.03,238551801.0,1.915,,
sz300773,拉卡拉,27.88,739433566.0,1.051,,
sz300774,倍杰特,17.22,73536185.0,-0.921,,
sz300775,三角防务,31.27,304168968.0,-2.128,,
sz300776,帝尔激光,115.8,772405873.0,-3.717,,
sz300777,中简科技,40.95,394238887.0,-1.373,,
sz300778,新城市,14.01,91367546.0,2.114,,
sz300779,惠城环保,69.8,196952858.0,-0.697,,
sz300780,德恩精工,30.41,329584419.0,1.198,,
sz300781,因赛集团,36.68,91576926.0,-1.185,,
sz300782,卓胜微,109.94,1775748718.0,2.375,,
sz300783,三只松鼠,19.31,64896001.0,-0.873,,
sz300784,利安科技,52.88,25395611.0,-0.564,,
sz300785,值得买,55.3,384828469.0,-1.373,,
sz300786,国林科技,17.18,91248729.0,1.417,,
sz300787,海能实业,11.07,16499367.0,-0.895,,
sz300788,中信出版,35.61,165036109.0,-2.412,,
sz300789,唐源电气,23.63,22545698.0,-1.501,,
sz300790,宇瞳光学,34.48,928035521.0,2.741,,
sz300791,仙乐健康,18.35,31360571.0,-3.217,,
sz300792,壹网壹创,36.87,145763914.0,-0.834,,
sz300793,佳禾智能,14.53,37148903.0,-1.089,,
sz300795,米奥会展,10.98,15192363.0,-0.813,,
sz300796,贝斯美,8.72,22828281.0,-2.022,,
sz300797,钢研纳克,15.9,26292107.0,-2.214,,
sz300798,锦鸡股份,10.79,224113569.0,-2.529,,
sz300800,力合科技,12.76,22670427.0,-1.846,,
sz300801,泰和科技,30.02,138074679.0,-3.036,,
sz300802,矩子科技,21.96,60580634.0,-1.833,,
sz300803,指南针,107.83,1389492310.0,-0.654,,
sz300804,广康生化,49.08,71798153.0,-3.023,,
sz300805,电声股份,10.63,24986512.0,-1.116,,
sz300806,斯迪克,87.33,1169438742.0,-3.906,,
sz300807,天迈科技,55.96,146874008.0,-4.456,,
sz300808,久量股份,28.13,56325794.0,0.214,,
sz300809,华辰装备,35.65,225690356.0,2.296,,
sz300810,中科海讯,32.82,50189123.0,-3.043,,
sz300811,铂科新材,101.29,369455946.0,-1.632,,
sz300812,易天股份,40.3,268688511.0,-3.589,,
sz300813,泰林生物,24.98,28182687.0,-1.77,,
sz300814,中富电路,123.06,821332456.0,4.421,,
sz300815,玉禾田,21.72,61315951.0,-1.318,,
sz300816,艾可蓝,87.09,156141208.0,-3.662,,
sz300817,双飞集团,20.93,30104892.0,0.144,,
sz300818,耐普矿机,31.82,48262867.0,-3.4,,
sz300819,聚杰微纤,78.55,661131801.0,-8.386,,
sz300820,英杰电气,55.74,439430634.0,2.275,,
sz300821,东岳硅材,15.33,660101211.0,0.525,,
sz300822,贝仕达克,15.31,38886596.0,-1.922,,
sz300823,建科智能,19.53,47884746.0,-0.56,,
sz300824,北鼎股份,9.99,16336304.0,-1.187,,
sz300825,阿尔特,10.44,73415672.0,-0.949,,
sz300826,测绘股份,17.09,17475661.0,-0.813,,
sz300827,上能电气,40.29,883941297.0,1.563,,
sz300828,锐新科技,25.41,147808229.0,-3.604,,
sz300829,金丹科技,18.47,158082735.0,3.706,,
sz300830,金现代,11.13,79293548.0,-1.852,,
sz300831,派瑞股份,20.95,233309818.0,1.208,,
sz300832,新产业,49.6,186663663.0,0.486,,
sz300833,浩洋股份,38.36,31396111.0,-1.691,,
sz300834,星辉环材,47.43,214170934.0,4.702,,
sz300835,龙磁科技,119.45,186200879.0,-0.896,,
sz300836,佰奥智能,69.97,90420669.0,0.33,,
sz300837,浙矿股份,34.16,37784718.0,-3.065,,
sz300838,浙江力诺,18.44,69929871.0,-1.548,,
sz300839,博汇股份,17.09,116271302.0,-1.499,,
sz300840,酷特智能,24.04,193429693.0,-2.237,,
sz300841,康华生物,59.54,116129481.0,-3.828,,
sz300842,帝科股份,97.09,402319031.0,-0.777,,
sz300843,胜蓝股份,90.98,436151623.0,-1.643,,
sz300844,山水比德,35.08,12927958.0,-1.322,,
sz300845,捷安高科,16.29,187366820.0,3.56,,
sz300846,首都在线,31.54,685485788.0,-1.221,,
sz300847,中船汉光,16.28,28827765.0,-1.809,,
sz300848,美瑞新材,16.66,48766138.0,-2.459,,
sz300849,锦盛新材,25.75,65637192.0,0.195,,
sz300850,新强联,40.34,321041392.0,-2.959,,
sz300851,交大思诺,0.0,0.0,0.0,,
sz300852,四会富仕,51.88,491101636.0,-5.638,,
sz300853,申昊科技,34.28,84941458.0,-1.748,,
sz300854,中兰环保,33.76,97132592.0,-3.266,,
sz300855,图南股份,39.29,229962831.0,-0.908,,
sz300856,科思股份,14.1,26647411.0,-1.605,,
sz300857,协创数据,270.0,4857410169.0,-4.909,,
sz300858,科拓生物,18.43,105281211.0,-1.02,,
sz300859,西域旅游,29.7,60614777.0,-1.818,,
sz300860,锋尚文化,25.99,19162901.0,-0.038,,
sz300861,美畅股份,20.87,213810248.0,-0.761,,
sz300862,蓝盾光电,27.03,217331589.0,-3.361,,
sz300863,卡倍亿,67.5,252776034.0,-0.472,,
sz300864,南大环境,24.33,40149768.0,-1.218,,
sz300865,大宏立,32.22,51515114.0,-2.659,,
sz300866,安克创新,128.08,363124270.0,-0.79,,
sz300867,圣元环保,22.51,186281376.0,2.551,,
sz300868,杰美特,97.95,271546295.0,4.592,,
sz300869,康泰医学,13.12,36693292.0,-2.308,,
sz300870,欧陆通,397.49,675776687.0,2.317,,
sz300871,回盛生物,25.24,92503355.0,-2.773,,
sz300872,天阳科技,21.25,739640194.0,2.508,,
sz300873,海晨股份,21.03,19878199.0,-2.004,,
sz300875,捷强装备,38.91,54685194.0,-1.742,,
sz300876,蒙泰高新,30.7,27901717.0,-1.254,,
sz300877,金春股份,32.76,107886605.0,6.191,,
sz300878,维康药业,30.95,32135931.0,-3.039,,
sz300879,大叶股份,23.95,48719618.0,-2.404,,
sz300880,迦南智能,24.95,284795370.0,5.053,,
sz300881,盛德鑫泰,51.36,32537152.0,-2.265,,
sz300882,万胜智能,18.95,46274782.0,0.852,,
sz300883,龙利得,7.28,131972539.0,0.831,,
sz300884,狄耐克,13.35,31677843.0,-0.817,,
sz300885,海昌新材,29.33,262600788.0,-2.687,,
sz300886,华业香料,29.72,14210322.0,-1.817,,
sz300887,谱尼测试,10.2,66042067.0,-1.734,,
sz300888,稳健医疗,31.82,43844444.0,-1.057,,
sz300889,爱克股份,23.14,79758344.0,0.173,,
sz300890,翔丰华,40.49,310526231.0,-2.222,,
sz300891,惠云钛业,8.61,30302698.0,-1.261,,
sz300892,品渥食品,27.56,22290155.0,-2.096,,
sz300893,松原安全,23.53,29802190.0,0.771,,
sz300894,火星人,10.57,18614448.0,-1.307,,
sz300895,铜牛信息,70.39,481337095.0,-0.845,,
sz300896,爱美客,116.61,168820236.0,-1.587,,
sz300897,山科智能,26.64,21275315.0,-1.333,,
sz300898,熊猫乳品,24.34,45716806.0,-2.249,,
sz300899,*ST凯鑫,38.14,12389714.0,-2.48,,
sz300900,广联航空,47.04,1047831881.0,-4.39,,
sz300901,中胤时尚,18.43,33793627.0,0.272,,
sz300902,国安达,18.4,23042926.0,-0.702,,
sz300903,科翔股份,62.58,1116232667.0,3.097,,
sz300904,威力传动,61.73,23493453.0,-0.883,,
sz300905,宝丽迪,78.7,726134476.0,0.485,,
sz300906,日月明,35.6,37897520.0,-2.706,,
sz300907,康平科技,32.21,34316063.0,0.845,,
sz300908,仲景食品,28.41,18963719.0,-2.001,,
sz300909,汇创达,47.35,86501733.0,-0.4,,
sz300910,瑞丰新材,47.4,175221599.0,-3.265,,
sz300911,亿田智能,35.25,272129364.0,-6.523,,
sz300912,凯龙高科,30.5,170456916.0,-0.098,,
sz300913,兆龙互连,58.51,247568432.0,-0.914,,
sz300915,海融科技,25.03,11686714.0,-1.843,,
sz300916,朗特智能,38.79,104510969.0,-2.194,,
sz300917,特发服务,35.64,169917729.0,0.706,,
sz300918,南山智尚,15.45,62292579.0,-0.898,,
sz300919,中伟新材,60.89,519282681.0,-1.472,,
sz300920,润阳科技,43.49,38213775.0,-1.562,,
sz300921,南凌科技,28.14,127902718.0,-0.985,,
sz300922,天秦装备,18.9,64343259.0,-1.151,,
sz300923,研奥股份,29.3,30661615.0,-0.846,,
sz300925,法本信息,18.83,119287269.0,-2.131,,
sz300926,博俊科技,22.91,61709190.0,-1.547,,
sz300927,江天化学,28.25,113976725.0,-3.584,,
sz300928,华安鑫创,34.77,69907018.0,-2.523,,
sz300929,华骐环保,14.32,26507443.0,-0.762,,
sz300930,屹通新材,33.32,26545995.0,0.392,,
sz300931,通用电梯,16.33,57426046.0,2.19,,
sz300932,三友联众,10.76,164818260.0,2.574,,
sz300933,中辰股份,8.8,117099188.0,2.326,,
sz300935,盈建科,33.94,27786045.0,-0.702,,
sz300936,中英科技,85.99,120028529.0,-2.028,,
sz300937,药易购,27.07,57321058.0,-3.871,,
sz300938,信测标准,60.16,851304132.0,-5.065,,
sz300939,秋田微,44.71,186341348.0,-2.401,,
sz300940,南极光,20.29,46448028.0,-2.028,,
sz300941,创识科技,18.2,21201162.0,-0.979,,
sz300942,易瑞生物,7.79,42461619.0,-3.23,,
sz300943,春晖智控,36.88,607801544.0,7.553,,
sz300945,曼卡龙,15.57,103575397.0,0.0,,
sz300946,恒而达,52.2,87454661.0,-2.793,,
sz300947,德必集团,17.85,49825354.0,-2.245,,
sz300948,冠中生态,22.46,58513781.0,-2.771,,
sz300949,奥雅股份,41.53,19172562.0,-0.551,,
sz300950,德固特,22.58,38992146.0,-2.293,,
sz300951,博硕科技,34.65,44194648.0,-0.259,,
sz300952,恒辉安防,36.6,98518344.0,-0.84,,
sz300953,震裕科技,237.86,668544333.0,-1.625,,
sz300955,嘉亨家化,44.81,82671683.0,1.403,,
sz300956,英力股份,15.8,44559753.0,-2.167,,
sz300957,贝泰妮,41.21,101879451.0,-0.459,,
sz300958,建工修复,14.49,18553495.0,-1.429,,
sz300959,线上线下,111.49,268645301.0,19.998,,
sz300960,通业科技,21.68,17792284.0,-0.642,,
sz300961,深水海纳,14.47,79238532.0,1.118,,
sz300962,中金辐照,15.25,41217246.0,-1.422,,
sz300963,中洲特材,17.38,66699574.0,-1.194,,
sz300964,本川智能,72.45,140049152.0,-1.629,,
sz300965,恒宇信通,0.0,0.0,0.0,,
sz300966,共同药业,27.9,77026274.0,-2.448,,
sz300967,晓鸣股份,17.96,115798154.0,2.982,,
sz300968,格林精密,12.83,56149261.0,0.549,,
sz300969,恒帅股份,148.49,306078731.0,1.055,,
sz300970,华绿生物,34.38,134528397.0,-4.287,,
sz300971,博亚精工,25.2,52122967.0,-1.754,,
sz300972,万辰集团,230.88,208525957.0,1.29,,
sz300973,立高食品,29.38,37837067.0,-1.277,,
sz300975,商络电子,22.95,579971595.0,-3.001,,
sz300976,达瑞电子,69.01,99616390.0,-1.4,,
sz300977,深圳瑞捷,22.17,20845148.0,-1.729,,
sz300978,东箭科技,11.01,19864116.0,-0.721,,
sz300979,华利集团,38.36,42193928.0,-1.337,,
sz300980,祥源新材,33.41,65980711.0,-1.125,,
sz300981,中红医疗,15.58,90422113.0,2.703,,
sz300982,苏文电能,23.4,114442672.0,-0.085,,
sz300983,尤安设计,48.2,139487211.0,9.57,,
sz300984,金沃股份,69.53,92918211.0,-1.236,,
sz300985,致远新能,23.37,30870070.0,-0.128,,
sz300986,志特新材,23.46,266326771.0,-2.656,,
sz300987,川网传媒,17.42,41473287.0,-1.748,,
sz300988,津荣天宇,30.43,103639685.0,1.671,,
sz300989,蕾奥规划,15.6,36089087.0,-1.391,,
sz300990,同飞股份,91.3,217650193.0,-1.223,,
sz300991,创益通,47.11,85098426.0,-0.465,,
sz300992,泰福泵业,30.5,29644758.0,-1.803,,
sz300993,玉马科技,12.6,17318089.0,-0.943,,
sz300994,久祺股份,14.41,16415677.0,-1.504,,
sz300995,奇德新材,35.09,34266628.0,-1.956,,
sz300996,普联软件,12.81,45056546.0,-0.928,,
sz300997,欢乐家,19.35,79567165.0,-2.764,,
sz300998,宁波方正,28.52,41752415.0,-1.791,,
sz300999,金龙鱼,28.31,142910251.0,-1.187,,
sz301000,肇民科技,35.19,293269508.0,-0.817,,
sz301001,凯淳股份,30.81,21254292.0,-1.408,,
sz301002,崧盛股份,53.05,222771012.0,-3.034,,
sz301003,江苏博云,55.34,127187676.0,-2.088,,
sz301004,嘉益股份,42.51,16822357.0,-2.589,,
sz301005,超捷股份,192.23,829668577.0,-3.353,,
sz301006,迈拓股份,17.94,22224831.0,-1.645,,
sz301007,德迈仕,41.62,289030765.0,7.047,,
sz301008,宏昌科技,31.64,77029836.0,-1.8,,
sz301009,可靠股份,11.11,33072162.0,-3.054,,
sz301010,晶雪节能,22.62,21421596.0,-1.951,,
sz301011,华立科技,19.94,17811057.0,-1.434,,
sz301012,扬电科技,36.8,252342679.0,-3.107,,
sz301013,利和兴,27.87,288587411.0,-1.693,,
sz301015,百洋医药,23.93,62399704.0,-1.725,,
sz301016,雷尔伟,18.39,41311994.0,-0.969,,
sz301017,漱玉平民,14.03,64399963.0,-1.336,,
sz301018,申菱环境,135.63,486238514.0,-0.79,,
sz301019,宁波色母,23.29,15747793.0,-1.23,,
sz301020,密封科技,23.62,28293833.0,-1.295,,
sz301021,英诺激光,64.23,250148410.0,-3.166,,
sz301022,海泰科,30.95,45220372.0,-2.026,,
sz301023,奕帆传动,43.97,44471954.0,-1.28,,
sz301024,霍普股份,47.08,51881821.0,3.155,,
sz301025,读客文化,11.5,28669063.0,-1.709,,
sz301026,浩通科技,32.23,86553612.0,-0.371,,
sz301027,华蓝集团,25.33,104871678.0,1.118,,
sz301028,鼎熔岩,17.78,311194779.0,3.132,,
sz301029,怡合达,29.45,142138456.0,-1.833,,
sz301030,*ST仕净,11.7,103075163.0,2.094,,
sz301031,中熔电气,155.8,202872426.0,0.626,,
sz301032,新柴股份,13.23,32024836.0,-1.489,,
sz301033,迈普医学,57.97,57077935.0,-3.383,,
sz301035,润丰股份,80.49,58564548.0,1.501,,
sz301036,双乐股份,29.02,10317376.0,-0.275,,
sz301037,保立佳,17.34,19118839.0,-0.801,,
sz301038,深水规院,20.4,65863449.0,-2.857,,
sz301039,中集车辆,8.6,44512447.0,-1.263,,
sz301040,中环海陆,33.02,88820574.0,0.273,,
sz301041,金百泽,31.19,51861009.0,-2.195,,
sz301042,安联锐视,101.49,69184374.0,-2.413,,
sz301043,绿岛风,58.15,43132887.0,0.588,,
sz301045,天禄科技,52.6,101944049.0,-2.23,,
sz301046,能辉科技,27.98,84178411.0,-1.131,,
sz301047,义翘神州,73.03,59450292.0,-1.084,,
sz301048,金鹰重工,11.13,24445484.0,-1.417,,
sz301049,超越科技,25.39,28521748.0,-1.129,,
sz301050,雷电微力,41.56,130460048.0,-2.441,,
sz301051,信濠光电,25.46,44589821.0,-1.049,,
sz301052,果麦文化,32.95,59679909.0,-3.031,,
sz301053,远信工业,65.25,79947803.0,-2.115,,
sz301055,张小泉,35.23,121487835.0,1.909,,
sz301056,森赫股份,15.44,59209670.0,3.555,,
sz301057,汇隆新材,33.25,31379829.0,-2.349,,
sz301058,中粮科工,10.06,22383116.0,-1.082,,
sz301059,金三江,16.27,235396131.0,8.902,,
sz301060,兰卫医学,10.93,62039253.0,-2.498,,
sz301061,匠心家居,66.16,43256048.0,0.167,,
sz301062,上海艾录,8.2,50315517.0,-2.497,,
sz301063,海锅股份,23.65,23743391.0,-2.353,,
sz301065,本立科技,24.07,25911064.0,-1.915,,
sz301066,万事利,16.62,80617952.0,1.28,,
sz301067,显盈科技,31.68,47765455.0,-4.232,,
sz301068,大地海洋,34.38,25667878.0,-3.67,,
sz301069,凯盛新材,22.9,113755299.0,-1.336,,
sz301070,开勒股份,108.98,228319579.0,-0.338,,
sz301071,力量钻石,53.73,416843131.0,-1.104,,
sz301072,中捷精工,25.43,20627640.0,-0.353,,
sz301073,君亭酒店,24.45,61691027.0,-2.667,,
sz301075,多瑞医药,82.71,171174163.0,-1.676,,
sz301076,新瀚新材,41.08,95712941.0,-1.084,,
sz301077,星华新材,31.45,101038276.0,-2.268,,
sz301078,孩子王,8.74,85485540.0,-1.466,,
sz301079,邵阳液压,45.92,299555015.0,-3.326,,
sz301080,百普赛斯,44.91,85472710.0,-2.918,,
sz301081,严牌股份,16.8,52584065.0,-0.474,,
sz301082,久盛电气,12.75,41816483.0,0.791,,
sz301083,百胜智能,17.87,15093352.0,-0.997,,
sz301085,亚康股份,76.05,168952908.0,-2.997,,
sz301086,鸿富瀚,214.72,178958651.0,-1.505,,
sz301087,可孚医疗,51.84,53332287.0,-0.613,,
sz301088,戎美股份,16.25,75114605.0,4.502,,
sz301089,拓新药业,29.59,151704026.0,-5.008,,
sz301090,华润材料,8.88,48044634.0,-0.225,,
sz301091,深城交,22.2,62378277.0,0.68,,
sz301092,争光股份,39.72,78101182.0,-2.647,,
sz301093,华兰股份,107.38,485868144.0,9.304,,
sz301095,广立微,109.22,1059217649.0,12.494,,
sz301096,百诚医药,64.07,93716777.0,0.392,,
sz301097,天益医疗,59.05,17067040.0,-2.638,,
sz301098,金埔园林,10.19,64753918.0,1.292,,
sz301099,雅创电子,64.25,284391313.0,-3.383,,
sz301100,风光股份,18.53,13645822.0,-2.01,,
sz301101,明月镜片,36.35,30142402.0,-0.9,,
sz301102,兆讯传媒,11.14,14633339.0,-0.269,,
sz301103,何氏眼科,19.78,19740356.0,-1.641,,
sz301105,鸿铭股份,59.72,23723550.0,-0.665,,
sz301106,骏成科技,35.61,43348241.0,-1.82,,
sz301107,瑜欣电子,27.95,19321322.0,-1.515,,
sz301108,洁雅股份,26.41,23195142.0,-2.221,,
sz301109,军信股份,16.06,27336973.0,-0.248,,
sz301110,青木科技,69.1,108924977.0,-2.456,,
sz301111,粤万年青,23.27,115731616.0,0.0,,
sz301112,信邦智能,36.8,26499346.0,-0.995,,
sz301113,雅艺科技,27.68,14844004.0,-0.467,,
sz301115,联检科技,25.76,66381774.0,0.782,,
sz301116,益客食品,10.84,15306928.0,-1.095,,
sz301117,佳缘科技,46.13,110210685.0,-2.741,,
sz301118,恒光股份,30.32,92030449.0,-2.351,,
sz301119,正强股份,43.48,28255768.0,-0.799,,
sz301120,新特电气,20.98,200679333.0,1.697,,
sz301121,紫建电子,38.9,18922725.0,-1.544,,
sz301122,采纳股份,34.05,28348056.0,-1.075,,
sz301123,奕东电子,70.93,464267885.0,-1.349,,
sz301125,腾亚精工,25.47,65198763.0,-4.678,,
sz301126,达嘉维康,12.14,18334676.0,-1.14,,
sz301127,武汉天源,14.06,98947564.0,0.933,,
sz301128,强瑞技术,187.5,335258183.0,-0.794,,
sz301129,瑞纳智能,27.68,24218269.0,-0.824,,
sz301130,西点药业,33.0,33673133.0,-2.367,,
sz301131,聚赛龙,43.13,28010725.0,-1.485,,
sz301132,满坤科技,38.57,82521895.0,-2.748,,
sz301133,金钟股份,47.17,53023377.0,-3.142,,
sz301135,瑞德智能,27.57,21769385.0,-2.13,,
sz301136,招标股份,16.2,44093584.0,-2.174,,
sz301137,哈焊华通,44.47,111414804.0,-1.962,,
sz301138,华研精机,33.48,19840714.0,-1.297,,
sz301139,*ST元道,14.76,960876.0,-20.0,,
sz301141,中科磁业,57.04,141731803.0,-4.392,,
sz301148,嘉戎技术,74.99,119042271.0,-3.859,,
sz301149,隆华新材,13.81,75886062.0,1.024,,
sz301150,中一科技,73.28,424143977.0,0.798,,
sz301151,冠龙节能,17.52,16329962.0,-0.341,,
sz301152,天力锂能,33.26,109354956.0,-2.435,,
sz301153,中科江南,20.94,44147841.0,-1.828,,
sz301155,海力风电,62.72,115952401.0,1.308,,
sz301156,美农生物,20.98,29492376.0,0.191,,
sz301157,华塑科技,77.22,98571797.0,0.796,,
sz301158,德石股份,26.78,77066644.0,-2.263,,
sz301159,三维天地,41.27,42221082.0,-0.482,,
sz301160,翔楼新材,61.4,46650583.0,-1.539,,
sz301161,唯万密封,33.4,63502748.0,-1.3,,
sz301162,国能日新,69.15,148070788.0,4.032,,
sz301163,宏德股份,32.37,53031900.0,-3.804,,
sz301165,锐捷网络,101.9,551765592.0,-0.391,,
sz301166,优宁维,32.15,20844960.0,-1.411,,
sz301167,建研设计,17.85,14540870.0,-1.272,,
sz301168,通灵股份,43.41,66267859.0,-4.32,,
sz301169,零点有数,86.12,122166780.0,0.361,,
sz301170,锡南科技,30.35,14878131.0,-0.752,,
sz301171,易点天下,42.93,1559327249.0,0.093,,
sz301172,君逸数码,34.21,202371117.0,-0.262,,
sz301173,毓恬冠佳,43.46,12967076.0,-1.025,,
sz301175,中科环保,6.3,82126157.0,-0.316,,
sz301176,逸豪新材,40.55,138257144.0,-1.122,,
sz301177,迪阿股份,31.51,30035908.0,1.449,,
sz301178,天亿马,59.17,54316768.0,-0.571,,
sz301179,泽宇智能,25.71,228237476.0,2.922,,
sz301180,万祥科技,18.81,28084102.0,-0.159,,
sz301181,标榜股份,49.96,95723411.0,2.063,,
sz301182,凯旺科技,72.94,108236291.0,-1.936,,
sz301183,东田微,225.4,929475598.0,-2.077,,
sz301185,鸥玛软件,18.35,16851245.0,-1.661,,
sz301186,超达装备,76.82,78265104.0,0.774,,
sz301187,欧圣电气,20.77,13484510.0,-0.954,,
sz301188,力诺药包,32.87,751465513.0,-0.394,,
sz301189,奥尼电子,84.1,709826245.0,-11.249,,
sz301190,善水科技,25.14,30494441.0,-1.874,,
sz301191,菲菱科思,158.29,544552228.0,-5.102,,
sz301192,泰祥股份,27.75,22476590.0,-1.281,,
sz301193,家联科技,25.46,97053655.0,0.276,,
sz301195,北路智控,32.45,11287889.0,-1.458,,
sz301196,唯科科技,146.24,1179498499.0,14.932,,
sz301197,工大科雅,40.64,241973670.0,19.988,,
sz301198,喜悦智行,17.68,71417849.0,-3.441,,
sz301199,迈赫股份,23.13,42207865.0,-0.815,,
sz301200,大族数控,207.42,979180516.0,2.729,,
sz301201,诚达药业,42.18,189531727.0,-2.361,,
sz301202,朗威股份,43.88,65332190.0,-2.359,,
sz301203,国泰环保,51.32,38134299.0,1.906,,
sz301205,联特科技,283.5,1673817582.0,-2.908,,
sz301206,三元生物,27.3,17086207.0,-0.546,,
sz301207,华兰疫苗,21.94,339824683.0,-6.319,,
sz301208,中亦科技,35.01,20530882.0,-1.046,,
sz301209,联合化学,86.43,38271008.0,-1.717,,
sz301210,金杨精密,42.21,62882412.0,-0.799,,
sz301211,亨迪药业,11.71,31665093.0,-2.66,,
sz301212,联盛化学,33.49,73575110.0,-1.239,,
sz301213,观想科技,74.37,116592830.0,-3.177,,
sz301215,中汽股份,6.34,41066905.0,-1.553,,
sz301216,万凯新材,29.72,214559441.0,0.304,,
sz301217,铜冠铜箔,90.1,3209032331.0,3.444,,
sz301218,华是科技,34.99,55989751.0,-2.589,,
sz301219,腾远钴业,88.59,508642603.0,-1.468,,
sz301220,亚香股份,41.8,62498014.0,2.126,,
sz301221,光庭信息,50.86,61067335.0,-2.173,,
sz301222,浙江恒威,49.45,70167433.0,-3.887,,
sz301223,中荣股份,19.87,13372370.0,-0.749,,
sz301225,恒勃股份,121.99,220620774.0,-0.033,,
sz301226,祥明智能,41.1,139440228.0,-1.886,,
sz301227,森鹰窗业,33.15,50154718.0,2.854,,
sz301228,实朴检测,63.51,115579112.0,-0.251,,
sz301229,纽泰格,17.65,15610059.0,-0.507,,
sz301230,泓博医药,44.69,270583298.0,0.653,,
sz301231,荣信文化,30.52,48871504.0,-1.896,,
sz301232,飞沃科技,232.74,1095154784.0,-6.504,,
sz301233,盛帮股份,58.93,47119874.0,-2.996,,
sz301234,五洲医疗,41.88,31880441.0,-0.688,,
sz301235,华康洁净,64.86,246438600.0,1.375,,
sz301236,软通动力,41.88,410686449.0,-1.943,,
sz301237,和顺科技,73.27,75154420.0,-3.592,,
sz301238,瑞泰新材,21.93,123845323.0,-1.835,,
sz301239,普瑞眼科,44.36,72623259.0,-1.247,,
sz301246,宏源药业,31.99,561253614.0,0.597,,
sz301248,杰创智能,88.46,335677217.0,-2.652,,
sz301251,威尔高,67.91,208850526.0,0.593,,
sz301252,同星科技,44.81,100418637.0,-0.045,,
sz301255,通力科技,30.35,42520443.0,-1.716,,
sz301256,华融化学,14.1,65263414.0,-2.355,,
sz301257,普蕊斯,52.7,33526593.0,-1.403,,
sz301258,富士莱,30.76,15540456.0,-0.998,,
sz301259,艾布鲁,43.24,87862714.0,0.91,,
sz301260,格力博,17.26,44910269.0,-1.932,,
sz301261,恒工精密,95.04,256456803.0,-1.818,,
sz301262,海看股份,24.21,39260395.0,-0.86,,
sz301263,泰恩康,27.39,59445514.0,-3.079,,
sz301265,华新科技,26.38,128700930.0,-3.968,,
sz301266,宇邦新材,40.25,93390827.0,-2.942,,
sz301267,华厦眼科,17.86,24781198.0,-1.053,,
sz301268,铭利达,24.04,48534627.0,0.586,,
sz301269,华大九天,96.06,545029495.0,1.737,,
sz301270,汉仪股份,33.83,31005458.0,-1.514,,
sz301272,英华特,47.67,40981336.0,0.718,,
sz301273,瑞晨环保,42.7,46241884.0,-0.698,,
sz301275,汉朔科技,47.28,463976164.0,2.36,,
sz301276,嘉曼服饰,26.81,37591986.0,-2.862,,
sz301277,新天地,11.2,13148968.0,-2.183,,
sz301278,快可电子,41.26,49275860.0,-0.506,,
sz301279,金道科技,26.24,47319688.0,1.587,,
sz301280,珠城科技,47.27,45380904.0,-1.726,,
sz301281,科源制药,41.26,93386320.0,1.202,,
sz301282,金禄电子,29.66,191686713.0,-3.545,,
sz301283,聚胶股份,48.33,43779387.0,-1.748,,
sz301285,鸿日达,105.85,229786089.0,-3.077,,
sz301286,侨源股份,55.52,246288001.0,-7.173,,
sz301287,康力源,45.34,13746426.0,-0.679,,
sz301288,*ST清研,0.0,0.0,0.0,,
sz301289,国缆检测,56.88,25725789.0,-0.698,,
sz301290,东星医疗,36.1,152493326.0,1.064,,
sz301291,明阳电气,58.21,411467677.0,0.017,,
sz301292,海科新源,82.79,561143286.0,-2.703,,
sz301293,三博脑科,69.48,232944815.0,-1.377,,
sz301295,美硕科技,49.1,55953155.0,-2.366,,
sz301296,新巨丰,7.75,8800097.0,-1.148,,
sz301297,富乐德,49.16,648760019.0,0.183,,
sz301298,东利机械,16.71,15449916.0,-1.183,,
sz301299,卓创资讯,62.97,70006323.0,0.511,,
sz301300,远翔新材,41.83,18141782.0,-1.484,,
sz301301,川宁生物,10.06,35704458.0,-1.082,,
sz301302,华如科技,26.32,77046500.0,-1.571,,
sz301303,真兰仪表,14.96,15049646.0,-0.134,,
sz301305,朗坤科技,25.81,65939861.0,-2.124,,
sz301306,西测测试,164.5,458184107.0,-3.053,,
sz301307,美利信,56.94,270588445.0,-0.42,,
sz301308,江波龙,568.13,8080198524.0,2.061,,
sz301309,万得凯,35.56,32296408.0,-2.335,,
sz301310,鑫宏业,62.98,118606669.0,-1.254,,
sz301311,昆船智能,16.89,18052904.0,-1.17,,
sz301312,智立方,123.14,506031975.0,-2.894,,
sz301313,凡拓数创,38.2,95064340.0,0.712,,
sz301314,科瑞思,53.44,50210094.0,-4.143,,
sz301315,威士顿,52.55,31908446.0,-1.222,,
sz301316,慧博云通,55.44,565965289.0,-3.314,,
sz301317,鑫磊股份,74.94,488628076.0,13.943,,
sz301318,维海德,25.56,15936118.0,-1.351,,
sz301319,唯特偶,97.24,724057595.0,-7.125,,
sz301320,豪江智能,17.74,14986140.0,-1.663,,
sz301321,翰博高新,30.06,139628538.0,2.699,,
sz301322,绿通科技,40.83,35572911.0,-2.016,,
sz301323,新莱福,73.67,105218468.0,-3.725,,
sz301325,曼恩斯特,43.81,39072755.0,-0.927,,
sz301326,捷邦科技,184.62,236670819.0,-3.112,,
sz301327,华宝新能,63.1,87945782.0,0.43,,
sz301328,维峰电子,78.45,190647422.0,0.978,,
sz301329,信音电子,26.3,48814426.0,-0.53,,
sz301330,熵基科技,31.13,44239301.0,-0.48,,
sz301331,恩威医药,27.37,10162641.0,-1.582,,
sz301332,德尔玛,9.56,19644138.0,-1.545,,
sz301333,诺思格,61.76,29978728.0,-0.867,,
sz301335,天元宠物,25.25,22417356.0,-2.208,,
sz301336,趣睡科技,56.09,18857974.0,-1.233,,
sz301337,亚华电子,28.45,23026808.0,-0.837,,
sz301338,凯格精机,199.38,454716495.0,-0.781,,
sz301339,通行宝,13.22,19437148.0,-0.974,,
sz301345,涛涛车业,263.14,110074901.0,-1.945,,
sz301348,蓝箭电子,27.62,362029398.0,-2.917,,
sz301349,信德新材,64.03,189657895.0,-0.667,,
sz301353,普莱得,30.22,19695993.0,-1.564,,
sz301355,南王科技,12.92,16417871.0,-1.599,,
sz301356,天振股份,23.34,39618831.0,-2.343,,
sz301357,北方长龙,106.09,125034211.0,-2.768,,
sz301358,湖南裕能,96.67,1455242323.0,-1.708,,
sz301359,东南电子,23.84,37678789.0,0.0,,
sz301360,荣旗科技,84.38,38098708.0,-1.689,,
sz301361,众智科技,39.34,128965239.0,3.554,,
sz301362,民爆光电,167.02,189351658.0,-2.895,,
sz301363,美好医疗,33.55,412141350.0,2.537,,
sz301365,矩阵股份,36.68,142030618.0,-6.309,,
sz301366,一博科技,41.5,88626222.0,-2.076,,
sz301367,瑞迈特,67.61,36909826.0,-1.872,,
sz301368,丰立智能,53.7,79298422.0,-1.05,,
sz301369,联动科技,225.03,284243974.0,1.456,,
sz301370,国科恒泰,10.5,14132694.0,-1.13,,
sz301371,敷尔佳,30.36,58396343.0,0.099,,
sz301372,科净源,38.22,51132585.0,-3.216,,
sz301373,凌玮科技,136.88,341440418.0,-1.518,,
sz301376,致欧科技,18.04,40409417.0,-2.486,,
sz301377,鼎泰高科,231.71,347925337.0,-1.547,,
sz301378,通达海,35.23,43727348.0,-0.984,,
sz301379,天山电子,28.9,201349245.0,-0.242,,
sz301380,挖金客,37.08,45241641.0,0.027,,
sz301381,赛维时代,22.97,114733223.0,-1.459,,
sz301382,蜂助手,49.5,423631961.0,0.0,,
sz301383,天键股份,28.86,18863487.0,-2.566,,
sz301386,未来电器,26.31,13661934.0,-0.152,,
sz301387,光大同创,90.98,446640834.0,8.078,,
sz301388,欣灵电气,33.93,47971311.0,0.623,,
sz301389,隆扬电子,75.46,644409991.0,2.863,,
sz301390,经纬股份,38.28,20218669.0,-1.009,,
sz301391,卡莱特,81.48,129960246.0,-4.243,,
sz301392,汇成真空,175.65,381193943.0,-2.172,,
sz301393,昊帆生物,59.16,77975338.0,0.527,,
sz301395,仁信新材,14.72,46529817.0,-2.774,,
sz301396,宏景科技,313.85,1710866430.0,-3.686,,
sz301397,溯联股份,41.16,164065791.0,0.488,,
sz301398,星源卓镁,47.1,46786226.0,-1.711,,
sz301399,英特科技,21.74,37034505.0,-1.851,,
sz301408,华人健康,20.33,257452878.0,-4.644,,
sz301413,安培龙,121.7,377884492.0,0.753,,
sz301418,协昌科技,42.92,30193338.0,-2.009,,
sz301419,阿莱德,44.39,184878035.0,2.281,,
sz301421,波长光电,104.6,255804240.0,-1.636,,
sz301428,世纪恒通,35.6,75758697.0,-1.276,,
sz301429,森泰股份,22.66,33984490.0,-3.204,,
sz301439,泓淋电力,17.08,38813286.0,-0.928,,
sz301446,福事特,43.39,26927365.0,-2.844,,
sz301448,开创电气,38.98,15617044.0,-2.33,,
sz301449,天溯计量,71.47,42402872.0,-2.483,,
sz301456,盘古智能,31.46,22433279.0,-1.255,,
sz301458,钧崴电子,43.76,172176815.0,-0.114,,
sz301459,丰茂股份,38.55,31611737.0,0.758,,
sz301468,博盈特焊,57.97,205480022.0,-1.21,,
sz301469,恒达新材,36.2,25095697.0,-1.523,,
sz301479,弘景光电,125.01,369692398.0,-6.085,,
sz301486,致尚科技,236.1,1144728780.0,-5.624,,
sz301487,盟固利,25.18,171603785.0,-1.255,,
sz301488,豪恩汽电,136.38,77393373.0,-1.224,,
sz301489,思泉新材,230.59,449670285.0,-1.428,,
sz301491,汉桑科技,51.07,26217009.0,-1.618,,
sz301498,乖宝宠物,50.05,111345143.0,-1.126,,
sz301499,维科精密,38.13,69822451.0,-2.156,,
sz301500,飞南资源,29.96,392092954.0,-4.312,,
sz301501,恒鑫生活,33.2,21378916.0,-2.094,,
sz301502,华阳智能,68.59,176638536.0,4.718,,
sz301503,智迪科技,36.15,17685241.0,-1.953,,
sz301505,苏州规划,22.84,43300521.0,-3.261,,
sz301507,民生健康,14.89,20925023.0,-0.799,,
sz301508,中机认检,29.65,20465039.0,-1.331,,
sz301509,金凯生科,35.1,42583948.0,-1.266,,
sz301510,固高科技,40.39,250178413.0,-1.775,,
sz301511,德福科技,93.22,1820043971.0,0.377,,
sz301512,智信精密,54.51,60616031.0,-1.784,,
sz301513,尚水智能,84.98,183068255.0,-2.322,,
sz301515,港通医疗,24.44,18618493.0,-1.332,,
sz301516,中远通,21.2,66744212.0,-1.395,,
sz301517,陕西华达,72.07,293998217.0,-1.166,,
sz301518,长华化学,36.94,35305608.0,0.0,,
sz301519,舜禹股份,15.68,19882766.0,-0.759,,
sz301520,万邦医药,42.97,15898444.0,-1.58,,
sz301522,上大股份,32.93,113009468.0,-1.584,,
sz301525,儒竞科技,78.34,55024492.0,-0.861,,
sz301526,国际复材,17.26,1958498897.0,-6.247,,
sz301528,多浦乐,73.62,19883107.0,-1.38,,
sz301529,福赛科技,158.19,216516064.0,-1.131,,
sz301531,C春光集,99.55,1986595114.0,2.103,,
sz301533,威马农机,33.06,13385451.0,-1.402,,
sz301535,浙江华远,19.45,19360955.0,-0.613,,
sz301536,星宸科技,90.69,291131231.0,-0.668,,
sz301538,骏鼎达,87.87,99745855.0,0.114,,
sz301539,宏鑫科技,18.96,16653100.0,-0.733,,
sz301548,崇德科技,85.23,67071463.0,-2.158,,
sz301550,斯菱智驱,187.59,537877198.0,-0.888,,
sz301551,无线传媒,28.57,92977765.0,0.387,,
sz301552,科力装备,31.39,31762119.0,-0.884,,
sz301555,惠柏新材,37.86,45219474.0,-2.272,,
sz301556,托普云农,87.44,77540555.0,-2.454,,
sz301557,常友科技,117.18,81621315.0,-0.518,,
sz301558,三态股份,8.37,50226682.0,-1.991,,
sz301559,中集环科,16.76,17665925.0,-0.238,,
sz301560,众捷汽车,44.57,82798754.0,-0.513,,
sz301563,云汉芯城,171.46,246547756.0,-3.048,,
sz301565,中仑新材,22.47,34961869.0,-1.231,,
sz301566,达利凯普,27.02,331875309.0,1.809,,
sz301567,贝隆精密,45.5,26587217.0,-1.579,,
sz301568,思泰克,59.23,98591157.0,-1.366,,
sz301571,国科天成,65.72,123253595.0,-2.449,,
sz301575,艾芬达,47.7,14218021.0,-1.119,,
sz301577,美信科技,72.38,50007007.0,-1.991,,
sz301578,辰奕智能,35.84,26674160.0,-0.278,,
sz301580,爱迪特,75.77,154604767.0,-1.533,,
sz301581,黄山谷捷,49.55,19210719.0,-0.282,,
sz301584,建发致新,26.65,39443994.0,-1.842,,
sz301585,蓝宇股份,29.49,36338302.0,-4.408,,
sz301586,佳力奇,44.22,35927948.0,-1.118,,
sz301587,中瑞股份,28.42,88211902.0,-0.733,,
sz301588,美新科技,34.33,186383832.0,-3.296,,
sz301589,诺瓦星云,178.52,60202888.0,-0.19,,
sz301590,优优绿能,192.9,75497738.0,-0.021,,
sz301591,肯特股份,43.27,33788047.0,-1.748,,
sz301592,六九一二,130.77,88927101.0,-2.323,,
sz301595,太力科技,50.58,70346649.0,-1.018,,
sz301596,瑞迪智驱,72.55,33783827.0,-0.807,,
sz301598,博科测试,66.75,48653285.0,0.09,,
sz301599,理奇智能,64.43,1028346936.0,-10.202,,
sz301600,慧翰股份,118.29,79559365.0,-1.392,,
sz301601,惠通科技,22.06,15528415.0,-1.65,,
sz301602,超研股份,18.85,18051067.0,-0.894,,
sz301603,乔锋智能,131.03,278029893.0,-1.117,,
sz301606,绿联科技,77.11,168886615.0,1.048,,
sz301607,富特科技,53.25,175359124.0,-1.389,,
sz301608,博实结,102.78,100555511.0,4.515,,
sz301609,山大电力,49.53,170511755.0,4.759,,
sz301611,珂玛科技,112.1,756447436.0,-0.691,,
sz301613,新铝时代,46.77,62922925.0,-2.359,,
sz301616,浙江华业,45.56,20376800.0,-0.589,,
sz301617,博苑股份,65.28,159535861.0,1.746,,
sz301618,长联科技,51.54,29349009.0,-2.773,,
sz301622,英思特,58.41,65141262.0,-3.311,,
sz301626,苏州天脉,292.0,250566214.0,-2.335,,
sz301628,强达电路,114.92,117088151.0,-0.286,,
sz301629,矽电股份,434.56,951083700.0,10.378,,
sz301630,同宇新材,261.52,133328400.0,1.364,,
sz301631,壹连科技,124.75,177377365.0,0.056,,
sz301632,广东建科,21.15,18231509.0,-0.937,,
sz301633,港迪技术,62.94,15282672.0,-1.794,,
sz301636,泽润新能,65.52,116648175.0,-1.147,,
sz301638,南网数字,31.39,704858685.0,0.545,,
sz301656,联合动力,19.9,80546974.0,-1.777,,
sz301658,首航新能,41.46,169388870.0,-1.59,,
sz301662,宏工科技,185.82,197999059.0,1.547,,
sz301665,泰禾股份,26.81,60765351.0,-2.118,,
sz301666,大普微,505.43,2173929797.0,0.85,,
sz301667,纳百川,113.2,343357287.0,-3.33,,
sz301668,昊创瑞通,45.28,40712660.0,0.266,,
sz301678,新恒汇,62.34,76056663.0,-1.0,,
sz301680,固德电材,120.81,219609365.0,-0.78,,
sz301682,宏明电子,144.75,349082467.0,1.309,,
sz301683,慧谷新材,138.23,217165188.0,-1.616,,
sz301687,新广益,67.93,247254117.0,-3.358,,
sz301696,三瑞智能,122.71,845334780.0,-0.301,,
sz302132,中航成飞,69.35,299863560.0,-0.645,,
